,Unnamed: 0,PRODUCT NAME,PRODUCT PRICE,PRODUCT RATING,URL,brand,pixels
1,1,"sony alpha ilce-7c compact full frame camera (4k, flip screen, light weight, real time tracking, content creation) - black",151990,4.6,https://m.media-amazon.com/images/I/71x4V5wzCZL._AC_UY218_.jpg,sony,
2,2,sony dsc w830 cyber-shot 20.1 mp point and shoot camera (black) with 8x optical zoom,11790,3.8,https://m.media-amazon.com/images/I/71bCLcUXhJL._AC_UY218_.jpg,sony,
3,3,sony cybershot dsc-wx500/b 18.2mp digital camera (black),22389,4.1,https://m.media-amazon.com/images/I/81kY8sP6dIL._AC_UY218_.jpg,sony,2.0
4,4,"blessbe kids digital camera, 2 inch 1080 hd screen mini child camera (blue) bb52",849,3.2,https://m.media-amazon.com/images/I/41kPqCBRO0L._AC_UY218_.jpg,blessbe,
5,5,canon ixus 285 hs digital camera (silver),14490,3.8,https://m.media-amazon.com/images/I/61AOLUQsluL._AC_UY218_.jpg,canon,
6,6,homgeel hd 1080p home digital camera camcorder 16mp digital slr camera 4x digital zoom with 1.77 inch lcd screen,3369,2.8,https://m.media-amazon.com/images/I/51qkSUazsyL._AC_UY218_.jpg,homgeel,16.0
7,7,"mixen astronomical telescope with high light transmittance and high magnification, equipped with star finder, outdoor education, corrective mirror",4499,4.3,https://m.media-amazon.com/images/I/71EV5Y+XuxL._AC_UY218_.jpg,mixen,
8,8,"ruily® kids camcorder 5mp 2.4"" tft screen for kids camera (blue)",2299,3.9,https://m.media-amazon.com/images/I/31SuaPs62sL._AC_UY218_.jpg,ruily®,5.0
9,9,"blessbe kids digital camera, web camera for computer child video recorder camera full hd 1080p handy portable camera 2.0 screen, with inbuilt games for kids (blue) bb72",1249,3.5,https://m.media-amazon.com/images/I/41jgV+eoGyL._AC_UY218_.jpg,blessbe,
10,10,leepesx 1080p home digital camera camcorder 16mp digital slr camera 4x digital zoom with 1.77 inch lcd sn,4456,2.9,https://m.media-amazon.com/images/I/51qkSUazsyL._AC_UY218_.jpg,leepesx,16.0
11,11,fujifilm instax mini 9 instant camera (cobalt blue),3999,4.2,https://m.media-amazon.com/images/I/715Ja7DPywL._AC_UY218_.jpg,fujifilm,
12,12,full hd 1080p professional abs dv digital camcorder video camera with 270 degree rotation,4499,3.2,https://m.media-amazon.com/images/I/41v7i1F6csL._AC_UY218_.jpg,full,
13,13,m s tech smart wifi camera mini wireless video audio camera full hd 1080p night vision motion sensor support upto 64 gb sd card (not included) - wifi camera,1750,3.8,https://m.media-amazon.com/images/I/31VkabisbbL._AC_UY218_.jpg,mstech,
14,14,"snapshopecom kids digital camera, child video recorder camera full hd 1080p handy portable camera 2.0 screen, with inbuilt games for kids (multi-colour)- bb15",1095,4.4,https://m.media-amazon.com/images/I/51xPKH7m1dL._AC_UY218_.jpg,snapshopecom,
15,15,"live streaming easy to use digital table clock with full hd 1080p wifi wireless mini camera video and audio, motion detection cam",3499,2.5,https://m.media-amazon.com/images/I/51wq0iIPTJL._AC_UY218_.jpg,live,
16,16,ijja np-bn1 rechargeable litium-ion camera battery pack compatible with sony camera cybershot dsc-w710 dsc-w730 dsc-w810 dsc-w830 dsc-w530 dsc-w650 dsc-tx9 digital camera,799,2.9,https://m.media-amazon.com/images/I/21Mht40s+eL._AC_UY218_.jpg,ijja,
17,17,"godrej hd 4mp security camera kit, white",14715,3.1,https://m.media-amazon.com/images/I/41X17vFJncL._AC_UY218_.jpg,godrej,4.0
18,18,"godrej security solutions wired 1080p hd 2mp security camera kit, white",10399,3.9,https://m.media-amazon.com/images/I/51BMUQ8vNmL._AC_UY218_.jpg,godrej,2.0
19,19,"sony digital vlog camera zv 1 (compact, video eye af, flip screen, in-built microphone, bluetooth shooting grip, 4k vlogging camera and content creation) - black",70990,2.8,https://m.media-amazon.com/images/I/716sQB1HdPL._AC_UY218_.jpg,sony,
20,20,"sony alpha ilce-7c compact full frame camera (4k, flip screen, light weight, real time tracking, content creation) - black",151990,4.8,https://m.media-amazon.com/images/I/71x4V5wzCZL._AC_UY218_.jpg,sony,
21,21,asier 1000x 2mp 8 led usb portable digital microscope / dermascope / endoscope zoom camera magnifier +stand (windows 8 - 1000x),1325,3.9,https://m.media-amazon.com/images/I/41XrKqhXkQL._AC_UY218_.jpg,asier,2.0
22,22,alfasiya®,549,4.4,https://m.media-amazon.com/images/I/41tVqkJxHGL._AC_UY218_.jpg,alfasiya®,
23,23,"ruily® kids camcorder 5mp 2.4"" tft screen for kids camera (blue)",2299,3.9,https://m.media-amazon.com/images/I/31SuaPs62sL._AC_UY218_.jpg,ruily®,5.0
24,24,"tobo usb digital microscope 50x to 1000x, 8 led magnification microscope camera, with stand,compatible with mac window 7/8/10 android linux,handheld usb phone microscope (usb-1000x-stand)",3499,4.6,https://m.media-amazon.com/images/I/31pFpcsJ44L._AC_UY218_.jpg,tobo,
25,25,generic s2 usb 8 led 1x-500x digital microscope endoscope magnifier video camera real 2mp,1170,3.2,https://m.media-amazon.com/images/I/61yYBr4qxBL._AC_UY218_.jpg,generic,2.0
26,26,magideal zorbes® 1.5m ear otoscope usb microscope borescope inspection camera with 6led 5.5mm,869,3.6,https://m.media-amazon.com/images/I/61HVTUkVgkL._AC_UY218_.jpg,magideal,
27,27,"ish wired hd audio and video recorder 720p hidden mini secret cam in button shape dvr small portable updated mini spy button cameras with sd card slot up to 32gb support, black",780,3.3,https://m.media-amazon.com/images/I/41d9VbjrEyS._AC_UY218_.jpg,ish,
28,28,giffy® fully flexible 10 inch gorilla tripod for mobile phone dslr and action camera gopro with holder stand lightweight sturdy portable adjustable foldable clip cell phone attachment,348,4.0,https://m.media-amazon.com/images/I/61S5lVFoQzL._AC_UY218_.jpg,giffy®,
29,29,"mixen astronomical telescope with high light transmittance and high magnification, equipped with star finder, outdoor education, corrective mirror",4499,3.4,https://m.media-amazon.com/images/I/71EV5Y+XuxL._AC_UY218_.jpg,mixen,
30,30,"godrej security solutions wired 1080p hd 2mp security camera kit, white",10399,5.1,https://m.media-amazon.com/images/I/51BMUQ8vNmL._AC_UY218_.jpg,godrej,2.0
31,31,smitch wi-fi smart security camera| pan & tilt | alexa & google enabled | 1080p | 2-way communication | motion detection | upto 8m night vision | upto 64 gb sd card support | cloud storage,1799,3.9,https://m.media-amazon.com/images/I/519-8JtAeiL._AC_UY218_.jpg,smitch,
32,32,digitek® (dtr 260 gt) gorilla tripod/mini 33 cm (13 inch) tripod for mobile phone with phone mount & remote | flexible gorilla stand for dslr & action cameras,399,4.1,https://m.media-amazon.com/images/I/61wjRpSAYGL._AC_UY218_.jpg,digitek®,
33,33,"sidrum waterproof shoulder camera bag for dslr | crossbody bag case for nikon, canon, sony slr/dslr mirrorless cameras | waterproof rain cover included (wf-18)",649,2.9,https://m.media-amazon.com/images/I/81FlFD8vB7L._AC_UY218_.jpg,sidrum,
34,34,"subton photography mobile holder mini tripod camera stand with horizontal & vertical rotation | for vlogging, video shooting, youtube etc compatible with all mobile phones, action gopro cameras dslr",249,4.0,https://m.media-amazon.com/images/I/51Ue342N5DL._AC_UY218_.jpg,subton,
35,35,"ceuta 360 photo mini tripod for mobile , portable small tripod for dslr & mirrorless cameras, mini tripod stand w/anti slip feet, works as desktop tripod, vlog tripod, table tripod",325,4.8,https://m.media-amazon.com/images/I/51LLTzm5scL._AC_UY218_.jpg,ceuta,
36,36,digitek® (dcb 001) waterproof camera bag | lightweight dslr backpack | lens accessories carry case for all dslr cameras | made in india | (black) (41 cm),999,3.9,https://m.media-amazon.com/images/I/810lJ5KSGrL._AC_UY218_.jpg,digitek®,
37,37,"techzere camera hand adjustable safety wrist strap for mirrorless cameras & dslrs, black",499,4.2,https://m.media-amazon.com/images/I/71nbr0TPNPL._AC_UY218_.jpg,techzere,
38,38,ijja np-bg1 camera charger compatible with sony camera battery,499,4.4,https://m.media-amazon.com/images/I/31enTQluklL._AC_UY218_.jpg,ijja,
39,39,"godrej hd 4mp security camera kit, white",14715,3.5,https://m.media-amazon.com/images/I/41X17vFJncL._AC_UY218_.jpg,godrej,4.0
40,40,"ruily® kids camcorder 5mp 2.4"" tft screen for kids camera (blue)",2299,3.9,https://m.media-amazon.com/images/I/31SuaPs62sL._AC_UY218_.jpg,ruily®,5.0
41,41,"sony digital vlog camera zv 1 (compact, video eye af, flip screen, in-built microphone, bluetooth shooting grip, 4k vlogging camera and content creation) - black",70990,3.4,https://m.media-amazon.com/images/I/716sQB1HdPL._AC_UY218_.jpg,sony,
42,42,"sony alpha ilce-7c compact full frame camera (4k, flip screen, light weight, real time tracking, content creation) - black",151990,3.3,https://m.media-amazon.com/images/I/71x4V5wzCZL._AC_UY218_.jpg,sony,
43,43,"digitek® (dtr 550lw) (170 cm) tripod for dslr, camera |operating height: 5.57 feet | maximum load capacity up to 4.5kg | portable lightweight aluminum tripod with 360 degree ball head | carry bag included (black)",1499,4.1,https://m.media-amazon.com/images/I/71RxTP5GWoL._AC_UY218_.jpg,digitek®,
44,44,"vezol digital camera, recorder camera 800w hd 2.0 inch screen video front camera child camera (blue) - bb16 (blue)",929,5.1,https://m.media-amazon.com/images/I/31j5ULtMKHL._AC_UY218_.jpg,vezol,
45,45,"blessbe kids digital front and rear selfie dual camera with 3.5"" screen child real camera for childrens cute digital camcorder video recorder (blue) bb39",1549,3.8,https://m.media-amazon.com/images/I/41N1Pjo1xDL._AC_UY218_.jpg,blessbe,
46,46,canon ixus 185 20mp digital camera with 8x optical zoom (black),8395,3.8,https://m.media-amazon.com/images/I/31GT6rKayoL._AC_UY218_.jpg,canon,20.0
47,47,ijja np-bg1 rechargeable litium-ion camera battery pack compatible with sony camera battery charger,799,4.4,https://m.media-amazon.com/images/I/31RamGuXemL._AC_UY218_.jpg,ijja,
48,48,"mixcart kids digital camera, 2 inch 1080 hd screen mini children camera(blue) - jicson j67",999,3.8,https://m.media-amazon.com/images/I/41BjuazkfeL._AC_UY218_.jpg,mixcart,
49,49,sony cybershot dsc-hx400v 20.4mp digital camera (black) with free bag,28999,2.8,https://m.media-amazon.com/images/I/71lmoEguiAL._AC_UY218_.jpg,sony,4.0
50,50,wifi full hd spy ip camera hidden wireless cctv security with microphone cloud based storage night vision motion detection two way communication supports sd card for home & car (black),1199,3.8,https://m.media-amazon.com/images/I/61FQyKvq4SL._AC_UY218_.jpg,wifi,
51,51,ruily® kids camcorder 5mp 2.4 tft screen for kids camera (pink),2299,3.8,https://m.media-amazon.com/images/I/31IjgRkapvL._AC_UY218_.jpg,ruily®,5.0
52,52,"mixen astronomical telescope with high light transmittance and high magnification, equipped with star finder, outdoor education, corrective mirror",4499,4.3,https://m.media-amazon.com/images/I/71EV5Y+XuxL._AC_UY218_.jpg,mixen,
53,53,m & v solutions® wearable wireless small security camera with digital voice recorder portable mini body camera device with 32gb memory card with battery backup of 480 minutes on single charge,3399,4.2,https://m.media-amazon.com/images/I/41eynyWxPQS._AC_UY218_.jpg,m&vsolutions®,
54,54,canon powershot sx540hs 20.3mp digital camera with 50x optical zoom (black),22999,4.2,https://m.media-amazon.com/images/I/71Xp-K4MMBL._AC_UY218_.jpg,canon,3.0
55,55,smartcam®️ digital spy camera ajanta wall clock hidden with motion detection & sd card inbuilt 32gb full hd mini spy camera for home,8999,3.7,https://m.media-amazon.com/images/I/41fT8Y4-DtL._AC_UY218_.jpg,smartcam®️,
56,56,ijja np-bn1camera charger compatible with sony camera battery,499,3.8,https://m.media-amazon.com/images/I/31ELlSfR1LL._AC_UY218_.jpg,ijja,
57,57,ruily® kids camcorder 5mp 2.4 tft screen for kids camera (pink),2299,3.8,https://m.media-amazon.com/images/I/31IjgRkapvL._AC_UY218_.jpg,ruily®,5.0
58,58,popetpop magnification digital microscope camera 1600x kids experiment microscope with stand high definition precious stone test (black),171359,4.1,https://m.media-amazon.com/images/I/51nz41K2eSL._AC_UY218_.jpg,popetpop,
59,59,"boltove® 5 in 1 care and lens cleaning kit for nikon canon sony all digital & film camera lenses,binocluars, lcd screens",339,3.1,https://m.media-amazon.com/images/I/31jBI4vmGVL._AC_UY218_.jpg,boltove®,
60,60,"digicare battery charger mh-24 for nikon enel 14 battery,d3100,d3200,d5100,d5200,p7700,dslr cameras",620,6.1,https://m.media-amazon.com/images/I/61G117af5OS._AC_UY218_.jpg,digicare,
61,61,"godrej hd 4mp security camera kit, white",14715,4.0,https://m.media-amazon.com/images/I/41X17vFJncL._AC_UY218_.jpg,godrej,4.0
62,62,"godrej security solutions wired 1080p hd 2mp security camera kit, white",10399,4.9,https://m.media-amazon.com/images/I/51BMUQ8vNmL._AC_UY218_.jpg,godrej,2.0
63,63,"sony digital vlog camera zv 1 (compact, video eye af, flip screen, in-built microphone, bluetooth shooting grip, 4k vlogging camera and content creation) - black",70990,2.7,https://m.media-amazon.com/images/I/716sQB1HdPL._AC_UY218_.jpg,sony,
64,64,"sony alpha ilce-7c compact full frame camera (4k, flip screen, light weight, real time tracking, content creation) - black",151990,4.0,https://m.media-amazon.com/images/I/71x4V5wzCZL._AC_UY218_.jpg,sony,
65,65,canon ixus-285 hs 20.2mp point and shoot camera with 12x optical zoom(silver),15199,4.2,https://m.media-amazon.com/images/I/91o+OKWqTcL._AC_UY218_.jpg,canon,2.0
66,66,camera battery comfitable for sony np-bn1 cybershot dsc-w710 dsc-w730 dsc-w810 dsc-w830sony dsc-w530 dsc-w650 dsc-tx9 digital camera,999,4.8,https://m.media-amazon.com/images/I/21Uapg8J7tL._AC_UY218_.jpg,camera,
67,67,spe digital slr dslr camera rain cover-medium size,373,5.4,https://m.media-amazon.com/images/I/411OvejK7KL._AC_UY218_.jpg,spe,
68,68,"vuffuw 8mp hd video digital sports camera , mini 2 inch screen recorder camcorder with soft cover(pink)",1520,4.2,https://m.media-amazon.com/images/I/51BkrUCMHxL._AC_UY218_.jpg,vuffuw,8.0
69,69,"homgeel cold shoe mount adapter base bracket with 1/4"" mounting screw for dslr camera cage flash led light microphone (pack of 1)",799,5.0,https://m.media-amazon.com/images/I/51pxam8XYzL._AC_UY218_.jpg,homgeel,
70,70,"technoview wireless wifi mini camera digital table clock with full hd 1080p, low light vision, motion detection for home office room security cam live streaming via hdwificam pro app",3499,3.3,https://m.media-amazon.com/images/I/51u9fz6Sj+L._AC_UY218_.jpg,technoview,
71,71,"pranay digital camera, recorder camera 800w hd 2.0 inch screen video front camera child camera for kids (blue)",949,4.5,https://m.media-amazon.com/images/I/51E2ZZHXw0L._AC_UY218_.jpg,pranay,
72,72,m s tech button small camera hd audio and video recorder mini cam in button shape dvr small portable button camera with sd card slot up to 32gb support secret cam,890,2.9,https://m.media-amazon.com/images/I/41kwB+uiz3L._AC_UY218_.jpg,mstech,
73,73,"mixen astronomical telescope with high light transmittance and high magnification, equipped with star finder, outdoor education, corrective mirror",4499,3.9,https://m.media-amazon.com/images/I/71EV5Y+XuxL._AC_UY218_.jpg,mixen,
74,74,"ruily® kids camcorder 5mp 2.4"" tft screen for kids camera (blue)",2299,3.9,https://m.media-amazon.com/images/I/31SuaPs62sL._AC_UY218_.jpg,ruily®,5.0
75,75,digiom® leather adjustable soft hand grip wrist strap of dslr camera strap (black),299,3.4,https://m.media-amazon.com/images/I/51Am7244NnL._AC_UY218_.jpg,digiom®,
76,76,electomania® leather adjustable hand grip wrist strap of dslr camera,288,3.8,https://m.media-amazon.com/images/I/51Z56mealcL._AC_UY218_.jpg,electomania®,
77,77,technoview spy camera wrist band hidden portable camera with video and audio hidden 1080p camera sport wrist band hd dvr bracelet portable video recorder - wrist band,2180,5.4,https://m.media-amazon.com/images/I/31maz9hbPoL._AC_UY218_.jpg,technoview,
78,78,"technoview 1080p full hd motion detection, remote live viewing on mobile app android/ios spy wifi digital ajanta wall clock hidden cameras for home/office security, black",7500,2.7,https://m.media-amazon.com/images/I/61UvXLjFI1L._AC_UY218_.jpg,technoview,
79,79,komcnc big 10 inches led ring light with tripod stand with 7 feet stand for camera smartphone,749,2.2,https://m.media-amazon.com/images/I/61zOhK-vubL._AC_UY218_.jpg,komcnc,
80,80,sr vision v380 pro hd 1080p night vision wireless wifi ip camera with 2 way audio and upto 64 gb sd card support,1349,4.6,https://m.media-amazon.com/images/I/51TF4fzzd7S._AC_UY218_.jpg,sr,
81,81,"vezol digital camera, recorder camera 800w hd 2.0 inch screen video front camera child camera (blue) - bb16 (pink)",929,4.1,https://m.media-amazon.com/images/I/314nT9u+1bL._AC_UY218_.jpg,vezol,
82,82,"1/4"" camera screw for connecting dslr/ mirrorless to strap or harness (pack of four)",599,4.5,https://m.media-amazon.com/images/I/41d2NiykZrL._AC_UY218_.jpg,,
83,83,"godrej hd 4mp security camera kit, white",14715,3.0,https://m.media-amazon.com/images/I/41X17vFJncL._AC_UY218_.jpg,godrej,4.0
84,84,"godrej security solutions wired 1080p hd 2mp security camera kit, white",10399,3.9,https://m.media-amazon.com/images/I/51BMUQ8vNmL._AC_UY218_.jpg,godrej,2.0
85,85,"sony digital vlog camera zv 1 (compact, video eye af, flip screen, in-built microphone, bluetooth shooting grip, 4k vlogging camera and content creation) - black",70990,2.9,https://m.media-amazon.com/images/I/716sQB1HdPL._AC_UY218_.jpg,sony,
86,86,"sony alpha ilce-7c compact full frame camera (4k, flip screen, light weight, real time tracking, content creation) - black",151990,3.7,https://m.media-amazon.com/images/I/71x4V5wzCZL._AC_UY218_.jpg,sony,
87,87,fujifilm instax mini liplay hybrid instant camera (elegant black),11400,4.3,https://m.media-amazon.com/images/I/91bZ5rldgUL._AC_UY218_.jpg,fujifilm,
88,88,fur jaden anti theft camera bag for dslr slr lens accessories waterproof bag case with shock proof cushioning,899,5.4,https://m.media-amazon.com/images/I/91LTSW+gsHS._AC_UY218_.jpg,fur,
89,89,"sony dsc w830 cyber-shot 20.1 mp point and shoot camera (black) with 8x optical zoom + sandisk 128gb ultra sdxc uhs-i memory card - 100mb/s, c10, u1, full hd, sd card",13419,3.8,https://m.media-amazon.com/images/I/81F5CAfjNyL._AC_UY218_.jpg,sony,
90,90,"hoji photo mini tripod for camera w/pistol grip, portable small tripod for dslr & mirrorless cameras, mini tripod stand w/anti slip feet, works as desktop tripod, vlog tripod, table tripod",299,3.6,https://m.media-amazon.com/images/I/41sNK4P7maL._AC_UY218_.jpg,hoji,
91,91,"welborn nb8l rechargeable battery pack compatible with canon digital ixus | power shot a2200, a3000is, a3100is, a3200is, a3300is | canon camera battery",649,4.1,https://m.media-amazon.com/images/I/31SVQ9mgjTL._AC_UY218_.jpg,welborn,
92,92,bluelex® 5.5mm waterproof v8 usb endoscope inspection digital camera with 2m cable for android phone,1090,3.6,https://m.media-amazon.com/images/I/516oOZNvaWL._AC_UY218_.jpg,bluelex®,
93,93,"glampanda phone tripod stand with 2 in 1 clip for video recording/live streaming/vlogging, flexible 360 rotation ball head, sturdy stand for dslr and digital cameras with universal mobile phone holder",345,4.3,https://m.media-amazon.com/images/I/41a4aslh52L._AC_UY218_.jpg,glampanda,
94,94,darahs fox micro mini-usb 5-pin usb cable for canon eos rebel digital slr camera and canon eos digital slr camera -sony -nikon uc-e4 digital camera dslr (colour may very),399,3.9,https://m.media-amazon.com/images/I/61FYIQS2nUL._AC_UY218_.jpg,darahs,
95,95,"mixen astronomical telescope with high light transmittance and high magnification, equipped with star finder, outdoor education, corrective mirror",4499,3.9,https://m.media-amazon.com/images/I/71EV5Y+XuxL._AC_UY218_.jpg,mixen,
96,96,"ruily® kids camcorder 5mp 2.4"" tft screen for kids camera (blue)",2299,3.9,https://m.media-amazon.com/images/I/31SuaPs62sL._AC_UY218_.jpg,ruily®,5.0
97,97,lucrane 3110 mobile and camera tripod - universal portable & foldable professional slr dslr camera stand for photography and videography tripod,349,4.4,https://m.media-amazon.com/images/I/41ILriEQ--L._AC_UY218_.jpg,lucrane,
98,98,"m s tech 1080p usb wireless wifi charger camera series 12 wifi – hd live streaming video camcorder with motion detection, pet nanny cam, usb ac wall plug adapter for phone, remote view, support 64gb sd card (not included) - dv380 app",2949,4.4,https://m.media-amazon.com/images/I/51bqir4XlzS._AC_UY218_.jpg,mstech,
99,99,spy cameras sq11 mini portable small size full hd 1080p video and audio recording camera features motion detection photo click video/audio recorder dvr,1150,3.8,https://m.media-amazon.com/images/I/31L6aytNy-S._AC_UY218_.jpg,spy,
100,100,"powerpak digital lcd universal charger for lithium-ion mobile phone, digital camera battery, dslr battery",399,5.1,https://m.media-amazon.com/images/I/41pUpT1fbRL._AC_UY218_.jpg,powerpak,
101,101,"ceuta universal 1/4"" swivel mini ball head screw tripod mount（1 pack）, 360 degree rotating mount base adapter for dslr cameras htc vive tripods monopods camcorder light stand",199,4.7,https://m.media-amazon.com/images/I/61OpXlkF-TL._AC_UY218_.jpg,ceuta,
102,102,"nirvani yt-228 mini ball head lightweight tripod with universal mobile holder clip tripod compatible with all mobile phones, dslr and action cameras (black)",129,3.6,https://m.media-amazon.com/images/I/31t-PMratLL._AC_UY218_.jpg,nirvani,
103,103,"swd gorilla tripod/mini tripod 12 inch for mobile phone with free holder for mobile, flexible gorilla stand for dslr & action cameras and other uses",299,3.5,https://m.media-amazon.com/images/I/51rvCndLgvL._AC_UY218_.jpg,swd,
104,104,"godrej hd 4mp security camera kit, white",14715,4.5,https://m.media-amazon.com/images/I/41X17vFJncL._AC_UY218_.jpg,godrej,4.0
105,105,"godrej security solutions wired 1080p hd 2mp security camera kit, white",10399,4.8,https://m.media-amazon.com/images/I/51BMUQ8vNmL._AC_UY218_.jpg,godrej,2.0
106,106,"sony digital vlog camera zv 1 (compact, video eye af, flip screen, in-built microphone, bluetooth shooting grip, 4k vlogging camera and content creation) - black",70990,4.6,https://m.media-amazon.com/images/I/716sQB1HdPL._AC_UY218_.jpg,sony,
107,107,"sony alpha ilce-7c compact full frame camera (4k, flip screen, light weight, real time tracking, content creation) - black",151990,3.3,https://m.media-amazon.com/images/I/71x4V5wzCZL._AC_UY218_.jpg,sony,
108,108,"everycom mini tripod with phone holder portable lightweight flexible with 360 degree compatible with all smart phones and digital camera for vlogging blogging shooting photography, silver color",249,2.9,https://m.media-amazon.com/images/I/71i89QyCm7L._AC_UY218_.jpg,everycom,
109,109,"camrolite 1/4"" screw mini dslr hand stabilizer holder grip for smartphones,go pro,canon,nikon & other dslr cameras",329,4.2,https://m.media-amazon.com/images/I/31J2ra1UIWS._AC_UY218_.jpg,camrolite,
110,110,canon ixus-285 hs 20.2mp point and shoot camera with 12x optical zoom (black),12930,4.0,https://m.media-amazon.com/images/I/91a8xiYUU3L._AC_UY218_.jpg,canon,2.0
111,111,"polam-foto lightweight desktop mini tripod  3 levels adjustment 360° ball head cold shoe for camera/phone/webcam/dslr /sony/gopro，extendable selfie stick , for vlogging, live streaming",799,3.7,https://m.media-amazon.com/images/I/51FlbBf5PPL._AC_UY218_.jpg,polam-foto,
112,112,"grox 360 photo mini tripod for mobile , portable small tripod for dslr & mirrorless cameras, mini tripod stand w/anti slip feet, works as desktop tripod, vlog tripod, table tripod",325,4.2,https://m.media-amazon.com/images/I/51LLTzm5scL._AC_UY218_.jpg,grox,
113,113,decdeal 1080p kids camera digital instant camera photo printer with 12mp front and rear cameras 1 roll of print paper 6 color pencils 16g tf card for boys and girls,1463809,4.5,https://m.media-amazon.com/images/I/718q1UYNpXS._AC_UY218_.jpg,decdeal,12.0
114,114,"m s tech mini button camera, dv portable video and hd audio recorder, small button security cam, dvr digital recording camcorder with sd card slot up to 32gb support (black)",890,5.4,https://m.media-amazon.com/images/I/61Sn1QLtzuS._AC_UY218_.jpg,mstech,
115,115,"ruily® kids camcorder 5mp 2.4"" tft screen for kids camera (blue)",2299,3.9,https://m.media-amazon.com/images/I/31SuaPs62sL._AC_UY218_.jpg,ruily®,5.0
116,116,"mixen astronomical telescope with high light transmittance and high magnification, equipped with star finder, outdoor education, corrective mirror",4499,4.2,https://m.media-amazon.com/images/I/71EV5Y+XuxL._AC_UY218_.jpg,mixen,
117,117,"auslese™ 50x to 1000x usb 2.0 digital microscope magnification endoscope 8 led mini camera with metal stand, compatible with mac & windows for pcb inspection/measurement",1499,2.4,https://m.media-amazon.com/images/I/31aM959VTwL._AC_UY218_.jpg,auslese™,
118,118,noga kids digital camera rechargeable with 2.0 inch 1080p ips screen 32gb memory card front and rear lens child camcorder selfie camera gift for age 3-10 kids (blue),2900,3.5,https://m.media-amazon.com/images/I/51o2A5G9fQL._AC_UY218_.jpg,noga,
119,119,osaka vct880 camera tripod with bag for digital slr & video cameras load capacity 5000 grams,2200,4.2,https://m.media-amazon.com/images/I/61LhEJ1-2mL._AC_UY218_.jpg,osaka,
120,120,homgeel foldable aluminium alloy movie filming video dslr handheld grip shoulder mount stabilizer support rig kit for pentax camera camcorder dv,5889,5.0,https://m.media-amazon.com/images/I/51LA1IIKc4S._AC_UY218_.jpg,homgeel,
121,121,ugu full hd mini camera sq8 car sport camcorder motion sensor dv dvr voice video recorder night vision micro cam | spy product,1198,5.1,https://m.media-amazon.com/images/I/6137nCoO7aS._AC_UY218_.jpg,ugu,
122,122,vgrassp kids camera with self timer (with 16 gb class 10 sd card) (blue),1353,3.5,https://m.media-amazon.com/images/I/61lYwySywFL._AC_UY218_.jpg,vgrassp,
123,123,"godrej hd 4mp security camera kit, white",14715,4.1,https://m.media-amazon.com/images/I/41X17vFJncL._AC_UY218_.jpg,godrej,4.0
124,124,"godrej security solutions wired 1080p hd 2mp security camera kit, white",10399,4.2,https://m.media-amazon.com/images/I/51BMUQ8vNmL._AC_UY218_.jpg,godrej,2.0
125,125,"sony digital vlog camera zv 1 (compact, video eye af, flip screen, in-built microphone, bluetooth shooting grip, 4k vlogging camera and content creation) - black",70990,5.1,https://m.media-amazon.com/images/I/716sQB1HdPL._AC_UY218_.jpg,sony,
126,126,"sony alpha ilce-7c compact full frame camera (4k, flip screen, light weight, real time tracking, content creation) - black",151990,4.0,https://m.media-amazon.com/images/I/71x4V5wzCZL._AC_UY218_.jpg,sony,
127,127,noga kids digital camera rechargeable with 2.0 inch 1080p ips screen 32gb memory card front and rear lens child camcorder selfie camera gift for age 3-10 kids (blue),2900,4.5,https://m.media-amazon.com/images/I/51o2A5G9fQL._AC_UY218_.jpg,noga,
128,128,m & v solutions® spy mini portable spy digital hidden audio voice recorder 4gb pen drive with hd voice recording in built microphone mic dictaphone without light for home/office/car/room,1499,4.3,https://m.media-amazon.com/images/I/41swA8d9aAS._AC_UY218_.jpg,m&vsolutions®,
129,129,"technoview wireless, 1080p, 12mp, security camera with free 32gb sd card security camera (non wifi) - silver & black",2250,4.6,https://m.media-amazon.com/images/I/21ndboINJDS._AC_UY218_.jpg,technoview,12.0
130,130,"waterproof camera bag, lightweight dslr backpack, lens accessories carry case for all dslr cameras | made in india",629,1.9,https://m.media-amazon.com/images/I/519lFDUhvML._AC_UY218_.jpg,waterproof,
131,131,"hiffin® dual shoe mount l-bracket for dslr camera video lights,flash, monitors or microphones.heavy duty",499,4.6,https://m.media-amazon.com/images/I/61hSbBXrofL._AC_UY218_.jpg,hiffin®,
132,132,vgrassp kids camera with self timer (with 16 gb class 10 sd card) (blue),1353,3.9,https://m.media-amazon.com/images/I/61lYwySywFL._AC_UY218_.jpg,vgrassp,
133,133,"vilhoz kids digital camera, recorder camera 800w hd 2.0 inch screen video front camera child camera (pink)",929,4.0,https://m.media-amazon.com/images/I/314nT9u+1bL._AC_UY218_.jpg,vilhoz,
134,134,"ruily® kids camcorder 5mp 2.4"" tft screen for kids camera (blue)",2299,3.9,https://m.media-amazon.com/images/I/31SuaPs62sL._AC_UY218_.jpg,ruily®,5.0
135,135,"mixen astronomical telescope with high light transmittance and high magnification, equipped with star finder, outdoor education, corrective mirror",4499,3.6,https://m.media-amazon.com/images/I/71EV5Y+XuxL._AC_UY218_.jpg,mixen,
136,136,"kodak printomatic digital instant print camera (yellow), full color prints on zink 2x3 sticky-backed photo paper - print memories instantly",8717,3.6,https://m.media-amazon.com/images/I/61mPQfLUmzL._AC_UY218_.jpg,kodak,
137,137,"mobicam swivel mini ball head 1/4"" screw 360 degree aluminium alloy body rotating swivel mini tripod ball head with 1/4"" screw thread base mount for lighter dslr camera camcorder",129,3.9,https://m.media-amazon.com/images/I/61ocuD9aS6L._AC_UY218_.jpg,mobicam,
138,138,"kids digital video camera for boys age 3-8, mini rechargeable children camera shockproof 8mp hd toddler cameras child camcorder with 16 gb memory card included (green)",1699,5.0,https://m.media-amazon.com/images/I/61u7IWyEUwS._AC_UY218_.jpg,,8.0
139,139,"camrolite 1/4"" screw mini dslr hand stabilizer holder grip for smartphones,go pro,canon,nikon & other dslr cameras",329,3.1,https://m.media-amazon.com/images/I/31J2ra1UIWS._AC_UY218_.jpg,camrolite,
140,140,"auslese™ 50x to 1000x usb 2.0 digital microscope magnification endoscope 8 led mini camera with metal stand, compatible with mac & windows for pcb inspection/measurement",1499,4.1,https://m.media-amazon.com/images/I/31aM959VTwL._AC_UY218_.jpg,auslese™,
141,141,cp plus cp-uvr-0801e1-cs 1080p full hd 8 channel digital video recorder,3576,3.9,https://m.media-amazon.com/images/I/51Yu+yULX0L._AC_UY218_.jpg,cppluscp-uvr-0801e1-cs,
142,142,darahs fox micro mini-usb 5-pin usb cable for canon eos rebel digital slr camera and canon eos digital slr camera -sony -nikon uc-e4 digital camera dslr (colour may very),399,3.9,https://m.media-amazon.com/images/I/61FYIQS2nUL._AC_UY218_.jpg,darahs,
143,143,"godrej hd 4mp security camera kit, white",14715,3.3,https://m.media-amazon.com/images/I/41X17vFJncL._AC_UY218_.jpg,godrej,4.0
144,144,"godrej security solutions wired 1080p hd 2mp security camera kit, white",10399,3.5,https://m.media-amazon.com/images/I/51BMUQ8vNmL._AC_UY218_.jpg,godrej,2.0
145,145,"sony digital vlog camera zv 1 (compact, video eye af, flip screen, in-built microphone, bluetooth shooting grip, 4k vlogging camera and content creation) - black",70990,4.6,https://m.media-amazon.com/images/I/716sQB1HdPL._AC_UY218_.jpg,sony,
146,146,"sony alpha ilce-7c compact full frame camera (4k, flip screen, light weight, real time tracking, content creation) - black",151990,4.5,https://m.media-amazon.com/images/I/71x4V5wzCZL._AC_UY218_.jpg,sony,
147,147,"kevil digital camera, recorder camera 800w hd 2.0 inch screen video front camera child camera (miini yellow)",849,3.1,https://m.media-amazon.com/images/I/31nqpFBvrBL._AC_UY218_.jpg,kevil,
148,148,smars kids camcorder rechargeable hd digital camera with 2 inch display screen for children birthday gifts outdoor play(pink),1088,3.9,https://m.media-amazon.com/images/I/61KaorWEXcL._AC_UY218_.jpg,smars,
149,149,"prolite tripod pl 810-hw (70 inch | payload upto 6 kg) | for dslr, video camera, mobile, gopro",1999,4.1,https://m.media-amazon.com/images/I/61mf7tJ-NZS._AC_UY218_.jpg,prolite,
150,150,"vilhoz kids digital camera, recorder camera 800w hd 2.0 inch screen video front camera child camera (pink)",929,5.8,https://m.media-amazon.com/images/I/314nT9u+1bL._AC_UY218_.jpg,vilhoz,
151,151,"garyviz secret spy mini button hidden dv portable video and hd audio recorder security cam dvr digital recording camcorders camera for home office meeting, black, 720x480 indoor/outdoor camera (2021)",985,4.0,https://m.media-amazon.com/images/I/41zTtkqpsdL._AC_UY218_.jpg,garyviz,
152,152,"hoji® gorilla tripod 10 inch (size : l) with go pro mount foldable octopus mini tripod stand for mobile camera, dslr, smartphone and action camera",398,4.2,https://m.media-amazon.com/images/I/71qDTHo9qFL._AC_UY218_.jpg,hoji®,
153,153,"mixen astronomical telescope with high light transmittance and high magnification, equipped with star finder, outdoor education, corrective mirror",4499,3.4,https://m.media-amazon.com/images/I/71EV5Y+XuxL._AC_UY218_.jpg,mixen,
154,154,fitspark eagle i6 pro real 4k wifi action camera 16mp ultra hd 170° wide-angle lens | external mic support | eis | distortion correction | 40m waterproof | wireless remote | all accessories kit,6999,3.8,https://m.media-amazon.com/images/I/61AGXqXi5cL._AC_UY218_.jpg,fitspark,16.0
155,155,"tobo usb c digital microscope 40x to 1000x, 8 led magnification endoscope camera with metal stand, compatible with android windows 7 8 10 linux mac (usb-3 x1-1000x)",2699,4.3,https://m.media-amazon.com/images/I/61YjOTwEPuS._AC_UY218_.jpg,tobo,
156,156,"humble portable & extendable mini tripod with mobile holder for digital camera, dslr, iphone & android smartphones - black",249,3.8,https://m.media-amazon.com/images/I/61Tw+dX7YDL._AC_UY218_.jpg,humble,
157,157,"imou wifi security camera (white), up to 256gb sd card support, 1080p full hd, human detection, audio recording, night vision, abnormal sound alarm, baby & pet monitor, alexa google assistant",1799,3.9,https://m.media-amazon.com/images/I/51mVcZW-mIL._AC_UY218_.jpg,imou,
158,158,technoview new wifi table clock digital wireless camera with long battery backup hd 1080p mini wifi clock alarm ip security clock video and audio watch live streaming anywhere anytime via app,6850,4.2,https://m.media-amazon.com/images/I/41mBcgdRAUS._AC_UY218_.jpg,technoview,
159,159,spy camera wired hd audio and video recorder 720p hidden mini secret cam in button shape dvr small portable updated mini spy button cameras with sd card slot up to 32gb support,999,3.5,https://m.media-amazon.com/images/I/418CanRKzhS._AC_UY218_.jpg,spy,
160,160,benro t560 56.5 inch digital slr camera aluminium travel portable tripod with carry bag,1348,4.4,https://m.media-amazon.com/images/I/31UzSLO-thL._AC_UY218_.jpg,benro,
161,161,"mobile tripod stand with selfie light, video mic, kit for mobile phone and dslr camera. by xtreme acoustics",2499,3.5,https://m.media-amazon.com/images/I/61Sc8RSfxdL._AC_UY218_.jpg,mobile,
162,162,"lxcn® rugged gorilla tripod/mini tripod 13 inch for mobile phone with holder for mobile, flexible gorilla stand for dslr & action cameras and other uses",298,3.6,https://m.media-amazon.com/images/I/51-tRRxUMVL._AC_UY218_.jpg,lxcn®,
163,163,"godrej hd 4mp security camera kit, white",14715,5.1,https://m.media-amazon.com/images/I/41X17vFJncL._AC_UY218_.jpg,godrej,4.0
164,164,"godrej security solutions wired 1080p hd 2mp security camera kit, white",10399,3.3,https://m.media-amazon.com/images/I/51BMUQ8vNmL._AC_UY218_.jpg,godrej,2.0
165,165,"sony digital vlog camera zv 1 (compact, video eye af, flip screen, in-built microphone, bluetooth shooting grip, 4k vlogging camera and content creation) - black",70990,3.4,https://m.media-amazon.com/images/I/716sQB1HdPL._AC_UY218_.jpg,sony,
166,166,"sony alpha ilce-7c compact full frame camera (4k, flip screen, light weight, real time tracking, content creation) - black",151990,4.4,https://m.media-amazon.com/images/I/71x4V5wzCZL._AC_UY218_.jpg,sony,
167,167,ddboxen cctv dome 24 ir night vision camera dvr with memory card slot recording (usb ),1299,4.7,https://m.media-amazon.com/images/I/21Fz6Sa3gvL._AC_UY218_.jpg,ddboxen,
168,168,"digicare dslr camera protective pouch case for canon eos r/eos rp, 24-105 mm lens, canon 80d 70d 60d 760d 750d 77d 800d 750d 760d 650d 600d, 18-135 mm stm lens/15-85 mm lens/18-55 mm stm lens",449,4.0,https://m.media-amazon.com/images/I/61Bdn7L-nKL._AC_UY218_.jpg,digicare,
169,169,decdeal c100+ mini action camera 2k 30fps video digital camera 30m waterproof magnetic body built-in rechrageable battery wifi connection app sharing with waterproof case back clip lanyard,1840339,3.4,https://m.media-amazon.com/images/I/61944Dl57DL._AC_UY218_.jpg,decdeal,
170,170,decdeal portable children instant print camera 2.4 inch screen 12mp digital camera photo selfie 1080p fvideo thermal inkless printing with 16gb memory card 3 rolls white print paper learning toy birthday,1280319,4.3,https://m.media-amazon.com/images/I/61jg4RLzv4L._AC_UY218_.jpg,decdeal,12.0
171,171,hd focus wifi v380 pro fisheye 360° panoramic wireless cctv wifi camera led bulb with bulb holder - supports 64gb sd card (not included),1694,4.3,https://m.media-amazon.com/images/I/51XOxmnDUyL._AC_UY218_.jpg,hd,
172,172,home digital camera camcorder digital slr camera digital zoom with 1.77 inch lcd screen,3119,4.3,https://m.media-amazon.com/images/I/51qkSUazsyL._AC_UY218_.jpg,home,
173,173,osaka bi-color dimmable led video light os-led-308 pocket led slim for all dslr video cameras youtube video tiktok photography shooting with f750 battery 8000 mah and fast charger,2600,4.2,https://m.media-amazon.com/images/I/81NvdUlYr4L._AC_UY218_.jpg,osaka,
174,174,"protokart 3 in 1 digital microscope otg 40x to 1000x magnification mini handheld inspection camera with 8 led metal stand, usb/type c/micro usb compatible with android smartphone, mac, windows",1649,4.0,https://m.media-amazon.com/images/I/41R-yxoBnvL._AC_UY218_.jpg,protokart,
175,175,"mixen astronomical telescope with high light transmittance and high magnification, equipped with star finder, outdoor education, corrective mirror",4499,3.3,https://m.media-amazon.com/images/I/71EV5Y+XuxL._AC_UY218_.jpg,mixen,
176,176,fitspark eagle i6 pro real 4k wifi action camera 16mp ultra hd 170° wide-angle lens | external mic support | eis | distortion correction | 40m waterproof | wireless remote | all accessories kit,6999,3.8,https://m.media-amazon.com/images/I/61AGXqXi5cL._AC_UY218_.jpg,fitspark,16.0
177,177,"1/4"" screw mini dslr hand stabilizer holder grip for smartphones,go pro & other dslr cameras with mobile attachment",388,4.0,https://m.media-amazon.com/images/I/51+zKN3FOkL._AC_UY218_.jpg,,
178,178,paroxysm usb port cctv dome 24 ir night vision camera dvr with memory card slot recording (usb),1499,2.9,https://m.media-amazon.com/images/I/41tTthdIS5L._AC_UY218_.jpg,paroxysm,
179,179,"syvo s -1000 pro (67 inch) tripod for dslr, camera |operating height: 5.57 feet| maximum load capacity up to 5kg |portable lightweight aluminum tripod 360 degree ball head | carry bag included (black)",1398,4.2,https://m.media-amazon.com/images/I/61P2s0g1mJS._AC_UY218_.jpg,syvo,
180,180,"bigpassport lightweight mini tripod stand for webcam, smartphone or digital cameras (model:tripod_n1)",299,3.9,https://m.media-amazon.com/images/I/41+NFMnCiWS._AC_UY218_.jpg,bigpassport,
181,181,paroxysm v380 mini wifi wireless cctv home security hd 720p ip camera security camera p2p night vision ir surveillance camera(supports up to 64gb sd card),1099,3.7,https://m.media-amazon.com/images/I/31iV0d8b2gL._AC_UY218_.jpg,paroxysm,
182,182,"r desert yt-228 mini tripod with universal mobile clip holder compatible with all mobile phones,action & dslr camera's - (black)",130,4.2,https://m.media-amazon.com/images/I/31nLWywoR8L._AC_UY218_.jpg,rdesert,
183,183,optimuss zoom lens unit replacement replace for sony dsc-wx7 wx9 w630 wx30 wx70 digital slr camera - black,627,5.0,https://m.media-amazon.com/images/I/617qALCqHFL._AC_UY218_.jpg,optimuss,
184,184,budget bag girl's 1080p ips 2 inch shockproof digital cameras for birthday toy action toddler video recorder (sky blue),999,4.3,https://m.media-amazon.com/images/I/615+4OLUBQL._AC_UY218_.jpg,budget,
185,185,"godrej hd 4mp security camera kit, white",14715,4.9,https://m.media-amazon.com/images/I/41X17vFJncL._AC_UY218_.jpg,godrej,4.0
186,186,"godrej security solutions wired 1080p hd 2mp security camera kit, white",10399,4.3,https://m.media-amazon.com/images/I/51BMUQ8vNmL._AC_UY218_.jpg,godrej,2.0
187,187,"sony digital vlog camera zv 1 (compact, video eye af, flip screen, in-built microphone, bluetooth shooting grip, 4k vlogging camera and content creation) - black",70990,3.8,https://m.media-amazon.com/images/I/716sQB1HdPL._AC_UY218_.jpg,sony,
188,188,"sony alpha ilce-7c compact full frame camera (4k, flip screen, light weight, real time tracking, content creation) - black",151990,5.0,https://m.media-amazon.com/images/I/71x4V5wzCZL._AC_UY218_.jpg,sony,
189,189,imou 360 degree security camera (white)，up to 256gb sd card support，wifi & ethernet connection，1080p full hd，privacy mode，alexa google assistant，human detection，2-way audio，night vision,2499,4.1,https://m.media-amazon.com/images/I/51HdC2UqaLL._AC_UY218_.jpg,imou,
190,190,"leegoal kids digital camera, dual 8mp hd children's cartoon video camera, cute mini child camcorder with smile focus, soft silicone cover, 2 inch led screen for age 3-12 kids girls boys",1520,3.6,https://m.media-amazon.com/images/I/51BkrUCMHxL._AC_UY218_.jpg,leegoal,8.0
191,191,m & v solutions® mini button camera audio and video recorder 720p hidden mini secret cam in button shape dvr small portable updated mini spy button cameras without sd card black,1199,4.6,https://m.media-amazon.com/images/I/21oHiY4lcwL._AC_UY218_.jpg,m&vsolutions®,
192,192,ojxtzf mini dv camera 1080p portable mini body nanny camcorder full hd video recorder security camera car dvr sports with night vision motion detection,749,3.7,https://m.media-amazon.com/images/I/31znciuPTnL._AC_UY218_.jpg,ojxtzf,
193,193,m s tech v8 full hd camera 1080p video audio recording with free 32gb sd card portable pocket security camera for home office mettings surveillance,2755,3.0,https://m.media-amazon.com/images/I/51Ns+jAQIUS._AC_UY218_.jpg,mstech,
194,194,ijja mh-24 quick charger for en-el14 battery charger compatible with nikon d3100 d3200 d5100 d5200 and p7000 dslr camera battery charger (black),599,3.8,https://m.media-amazon.com/images/I/31ivtmjzzrL._AC_UY218_.jpg,ijja,
195,195,"prolite tripod pl 590-lw (55 inch | payload upto 2.5 kg) | for dslr, camera, mobile, gopro",1149,4.1,https://m.media-amazon.com/images/I/61mY7BssFtS._AC_UY218_.jpg,prolite,
196,196,technoview wireless wifi mini security camera bluetooth speaker in digital table clock for home and office with 1080p full hd audio and video recording night vision ( black),5749,4.4,https://m.media-amazon.com/images/I/618NgBiXpEL._AC_UY218_.jpg,technoview,
197,197,"mixen astronomical telescope with high light transmittance and high magnification, equipped with star finder, outdoor education, corrective mirror",4499,5.2,https://m.media-amazon.com/images/I/71EV5Y+XuxL._AC_UY218_.jpg,mixen,
198,198,fitspark eagle i6 pro real 4k wifi action camera 16mp ultra hd 170° wide-angle lens | external mic support | eis | distortion correction | 40m waterproof | wireless remote | all accessories kit,6999,3.8,https://m.media-amazon.com/images/I/61AGXqXi5cL._AC_UY218_.jpg,fitspark,16.0
199,199,x5-m camera wrist hand strap pu leather lanyard for sony fujifilm nikon panasonic olympus leica dslr/micro single cameras,679,2.8,https://m.media-amazon.com/images/I/51B4rx4T0iL._AC_UY218_.jpg,x5-m,
200,200,"pkst spy bulb camera 1080p wifi security camera, full hd video and audio recording, 360v degrees panoramic camera for home, office surveillance, motion detection/light vision/alarm and support 64gb sd card (not included)",1799,3.8,https://m.media-amazon.com/images/I/51ESYp8A20L._AC_UY218_.jpg,pkst,
201,201,eagle's eye dahua cooper series 16 channel penta-brid 1080p dh-xvr4b16 compact 1u digital video recorder,6498,4.5,https://m.media-amazon.com/images/I/41jn3AMCyQL._AC_UY218_.jpg,eagle's,
202,202,corebikerz sj4000 wifi full hd 1080p 12mp diving bicycle action camera 30m waterproof car dvr sports dv with waterproof case,5200,3.9,https://m.media-amazon.com/images/I/31KXEnALIXL._AC_UY218_.jpg,corebikerz,12.0
203,203,"xsquare dslr camera shoulder bag travel camera bag for nikon canon sony cameras, lens, tripod and accessories camera bag (blue)",599,0.7,https://m.media-amazon.com/images/I/81BYmq5uQQL._AC_UY218_.jpg,xsquare,
204,204,"cp plus- 4 channel high definition digital video recorder, 4 x hd bullet cameras, metal body power supply and network cable",6098,2.9,https://m.media-amazon.com/images/I/51ndh2OZ15L._AC_UY218_.jpg,cpplus-4,
205,205,"digitek® (enel14) plus rechargeable battery packs for nikon digital camera & digital camcorders | compatibility - d3100 dslr, d5100dslr, and p7000",1135,4.0,https://m.media-amazon.com/images/I/616r-FJLR5L._AC_UY218_.jpg,digitek®,
206,206,varni kart wired usb port cctv dome 24 ir night camera dvr with memory card slot recording (usb),1095,3.4,https://m.media-amazon.com/images/I/413LnjDYdEL._AC_UY218_.jpg,varni,
207,207,"godrej hd 4mp security camera kit, white",14715,4.6,https://m.media-amazon.com/images/I/41X17vFJncL._AC_UY218_.jpg,godrej,4.0
208,208,"godrej security solutions wired 1080p hd 2mp security camera kit, white",10399,3.3,https://m.media-amazon.com/images/I/51BMUQ8vNmL._AC_UY218_.jpg,godrej,2.0
209,209,"sony digital vlog camera zv 1 (compact, video eye af, flip screen, in-built microphone, bluetooth shooting grip, 4k vlogging camera and content creation) - black",70990,5.2,https://m.media-amazon.com/images/I/716sQB1HdPL._AC_UY218_.jpg,sony,
210,210,"sony alpha ilce-7c compact full frame camera (4k, flip screen, light weight, real time tracking, content creation) - black",151990,4.3,https://m.media-amazon.com/images/I/71x4V5wzCZL._AC_UY218_.jpg,sony,
211,211,"united security security portable camera with free 32gb sd card,full hd 1080p camcorder with video and audio recording, pocket dvr camera for home, business, meetings and conference - g series",2080,3.4,https://m.media-amazon.com/images/I/31oZQQDwPkS._AC_UY218_.jpg,united,
212,212,technoview spy bulb shape fisheye 360° panoramic view wireless wifi 3mp full hd hidden ip cctv security camera with sd card slot with bulb holder support 128gb sd card (not included),1850,3.0,https://m.media-amazon.com/images/I/61osRTeoXXS._AC_UY218_.jpg,technoview,3.0
213,213,first try camera strap adjustable dslr camera neck strap belt retro film camera shoulder strap vintage soft long rope universal cord for women men slr mirrorless cameras(upgraded version) brown,249,2.2,https://m.media-amazon.com/images/I/7154GFsEJ+L._AC_UY218_.jpg,first,
214,214,budget bag girl's 1080p ips 2 inch shockproof digital cameras for birthday toy action toddler video recorder (sky blue),999,3.9,https://m.media-amazon.com/images/I/615+4OLUBQL._AC_UY218_.jpg,budget,
215,215,"hoji® 1/4"" screw tripod ball head bracket holder mount ballhead for dslr camera",199,2.0,https://m.media-amazon.com/images/I/61fGuqxCjPL._AC_UY218_.jpg,hoji®,
216,216,"kimloo gorilla tripod fully flexible foldable octopus stand for all smartphone & dslr camera's use in photography,youtuber's,videography,shooting film",399,4.9,https://m.media-amazon.com/images/I/310W5PctsWS._AC_UY218_.jpg,kimloo,
217,217,first try camera strap adjustable dslr camera neck strap belt retro film camera shoulder strap vintage soft long rope universal cord for women men slr mirrorless cameras(upgraded version) black,249,4.6,https://m.media-amazon.com/images/I/61YKU5XzCAL._AC_UY218_.jpg,first,
218,218,asleesha 4k pen camera hd 1080p mini camera pen video photo recorder v8 spy mini camera portable digital video voice recorder long battery life,2349,2.4,https://m.media-amazon.com/images/I/51H6DTWlOEL._AC_UY218_.jpg,asleesha,
219,219,"mixen astronomical telescope with high light transmittance and high magnification, equipped with star finder, outdoor education, corrective mirror",4499,3.5,https://m.media-amazon.com/images/I/71EV5Y+XuxL._AC_UY218_.jpg,mixen,
220,220,"godrej security solutions wired 1080p hd 2mp security camera kit, white",10399,3.5,https://m.media-amazon.com/images/I/51BMUQ8vNmL._AC_UY218_.jpg,godrej,2.0
221,221,"humble® octopus tripod foldable flexible tripod gorilla tripod stand with universal mobile holder for vlogging streaming photography compatible with all smartphones, action cameras, and dslr {(12 inch) red and black}",449,4.2,https://m.media-amazon.com/images/I/71ozBXYjibS._AC_UY218_.jpg,humble®,
222,222,glampanda (dtr 260 gt) gorilla tripod/mini 33 cm (13 inch) tripod for mobile phone with phone mount & remote | flexible gorilla stand for dslr & action cameras,399,4.2,https://m.media-amazon.com/images/I/61h005AFsZL._AC_UY218_.jpg,glampanda,
223,223,"vuffuw 8mp hd video digital , mini 2 inch screen sports camera recorder camcorder with soft cover, best for boys girls (blue)",1420,4.2,https://m.media-amazon.com/images/I/51e3jUutunL._AC_UY218_.jpg,vuffuw,8.0
224,224,"shopee new 11inch adjustable articulating frction magic arm with large super clamp mount compatible with dslr camera rig, lcd monitor, led lights, flash lights, microphones, dji osmo,smart phone",1499,3.1,https://m.media-amazon.com/images/I/31GqYK6hj-L._AC_UY218_.jpg,shopee,
225,225,"action camera holder mirror aluminum mount by matrix tech for for gopro hero 9/8/7/6/5/4/3+/3/2/1 ,sjcam ,yi ,eken h9r,noise play,insta 360 one x2,insta 360 go, dji osmo, digital camera",1599,2.6,https://m.media-amazon.com/images/I/31vbf3YqlBL._AC_UY218_.jpg,action,
226,226,ddboxen cctv dome 24 ir night vision camera dvr with memory card slot recording (usb ),1299,2.1,https://m.media-amazon.com/images/I/21Fz6Sa3gvL._AC_UY218_.jpg,ddboxen,
227,227,"sony cybershot dsc-hx400v 20.4mp digital camera (black) with free bag + sandisk 128gb ultra sdxc uhs-i memory card - 100mb/s, c10, u1, full hd, sd card",30628,3.8,https://m.media-amazon.com/images/I/81Q5XsOFkzL._AC_UY218_.jpg,sony,4.0
228,228,ojxtzf mini dv camera 1080p portable mini body nanny camcorder full hd video recorder security camera car dvr sports with night vision motion detection,749,2.9,https://m.media-amazon.com/images/I/31znciuPTnL._AC_UY218_.jpg,ojxtzf,
229,229,"godrej hd 4mp security camera kit, white",14715,4.6,https://m.media-amazon.com/images/I/41X17vFJncL._AC_UY218_.jpg,godrej,4.0
230,230,fitspark eagle i6 pro real 4k wifi action camera 16mp ultra hd 170° wide-angle lens | external mic support | eis | distortion correction | 40m waterproof | wireless remote | all accessories kit,6999,3.8,https://m.media-amazon.com/images/I/61AGXqXi5cL._AC_UY218_.jpg,fitspark,16.0
231,231,"sony digital vlog camera zv 1 (compact, video eye af, flip screen, in-built microphone, bluetooth shooting grip, 4k vlogging camera and content creation) - black",70990,4.2,https://m.media-amazon.com/images/I/716sQB1HdPL._AC_UY218_.jpg,sony,
232,232,"sony alpha ilce-7c compact full frame camera (4k, flip screen, light weight, real time tracking, content creation) - black",151990,4.2,https://m.media-amazon.com/images/I/71x4V5wzCZL._AC_UY218_.jpg,sony,
233,233,"metronaut 1080p 360 degree wireless panoramic bulb 360° camera with night vision, hidden camera, 2-way audio and micro 128gb sd card support(not included)",1385,4.6,https://m.media-amazon.com/images/I/51uBAcsfLuL._AC_UY218_.jpg,metronaut,
234,234,osaka tonba camera backpack os-45 waterproof dslr camera backpack camera bag for lens accessories dslr and video camera canon sony nikon fujifilm panasonic lumix cameras,1999,4.1,https://m.media-amazon.com/images/I/7165ByCX7KL._AC_UY218_.jpg,osaka,
235,235,fur jaden anti theft camera bag for dslr slr lens accessories waterproof bag case with shock proof cushioning,899,3.3,https://m.media-amazon.com/images/I/81KitB5cmSL._AC_UY218_.jpg,fur,
236,236,everycom mini tripod with mount compatible with all mobile phones and digital camera - black,191,3.3,https://m.media-amazon.com/images/I/61quZJxS9XL._AC_UY218_.jpg,everycom,
237,237,ifitech 1080p hd usb universal interface wifi mini flexi neck camera | 100° wide-view-angle | live view on mobile app | only 2.4g wifi compatible | supports 128gb micro sd card (not included),2550,3.7,https://m.media-amazon.com/images/I/51Th8kXO-gL._AC_UY218_.jpg,ifitech,
238,238,zorbes® 1.5m ear otoscope usb microscope borescope inspection camera with 6led 5.5mm,859,4.3,https://m.media-amazon.com/images/I/61HVTUkVgkL._AC_UY218_.jpg,zorbes®,
239,239,"iparn 1 pack rubber dust cleaner air blower for keyboard,digital slr camera, lens, watch, cell phone, computer laptop pc and screen",129,4.0,https://m.media-amazon.com/images/I/51yD6LIK-WL._AC_UY218_.jpg,iparn,
240,240,"tobo usb digital microscope, 3 in 1 handheld 50x-1600x magnification endoscope, 8 led mini video camera compatible with windows 7/8/10 mac linux android",2999,3.6,https://m.media-amazon.com/images/I/61YjOTwEPuS._AC_UY218_.jpg,tobo,
241,241,"mixen astronomical telescope with high light transmittance and high magnification, equipped with star finder, outdoor education, corrective mirror",4499,2.1,https://m.media-amazon.com/images/I/71EV5Y+XuxL._AC_UY218_.jpg,mixen,
242,242,fitspark eagle i6 pro real 4k wifi action camera 16mp ultra hd 170° wide-angle lens | external mic support | eis | distortion correction | 40m waterproof | wireless remote | all accessories kit,6999,3.8,https://m.media-amazon.com/images/I/61AGXqXi5cL._AC_UY218_.jpg,fitspark,16.0
243,243,"cqlek® posh gorillapod tripod stand withmobile monopod mount adapter foldable rotatable point rubbergrip for dslr camera's,gopro,mobile 10-inch height",304,3.0,https://m.media-amazon.com/images/I/51+iv5v39sL._AC_UY218_.jpg,cqlek®,
244,244,"ample italia camera backpack waterproof, dslr camera, lens,camera accessories camera bag",499,4.4,https://m.media-amazon.com/images/I/51ju7RjoRML._AC_UY218_.jpg,ample,
245,245,mobius zoom lens sling bag cum waist pouch 100% waterproof dslr sling bag lens - 3 nos (70 200 85mm 50mm) or dslr camera with kit lens and 70-200 lens.,1650,4.1,https://m.media-amazon.com/images/I/71BUcFQNymS._AC_UY218_.jpg,mobius,
246,246,ifitech 1080p hd hidden camera | usb charger type | maximum 128gb sd support | loop/motion triggered recording option | ideal for home/office monitoring,1500,3.7,https://m.media-amazon.com/images/I/51NIFlY4adL._AC_UY218_.jpg,ifitech,
247,247,"gatudi art craft camera bag, lens accessories carry case for nikon, canon genuine leather vintage brown dslr/slr camera bag case",1899,3.5,https://m.media-amazon.com/images/I/81NDdTHRMSL._AC_UY218_.jpg,gatudi,
248,248,mobone flexible cell phone octopus gorilla tripod stand for dslr camera & mobile phone 13 inch lightweight bendable foldable gorillapod with ball head with mobile holder (black),475,4.0,https://m.media-amazon.com/images/I/71+oI2pEP2L._AC_UY218_.jpg,mobone,
249,249,kevil toys mini digital camera with 2.0 inch screen 3.0mp hd video camera recorder for kids,989,3.8,https://m.media-amazon.com/images/I/31nqpFBvrBL._AC_UY218_.jpg,kevil,0.0
250,250,noga kids digital camera rechargeable with 2.0 inch 1080p ips screen 32gb memory card front and rear lens child camcorder selfie camera gift for age 3-10 kids (pink),2900,3.3,https://m.media-amazon.com/images/I/513jkxm3r3L._AC_UY218_.jpg,noga,
251,251,"godrej hd 4mp security camera kit, white",14715,3.1,https://m.media-amazon.com/images/I/41X17vFJncL._AC_UY218_.jpg,godrej,4.0
252,252,"ruily® kids camcorder 5mp 2.4"" tft screen for kids camera (blue)",2299,3.9,https://m.media-amazon.com/images/I/31SuaPs62sL._AC_UY218_.jpg,ruily®,5.0
253,253,"sony digital vlog camera zv 1 (compact, video eye af, flip screen, in-built microphone, bluetooth shooting grip, 4k vlogging camera and content creation) - black",70990,3.4,https://m.media-amazon.com/images/I/716sQB1HdPL._AC_UY218_.jpg,sony,
254,254,"sony alpha ilce-7c compact full frame camera (4k, flip screen, light weight, real time tracking, content creation) - black",151990,4.4,https://m.media-amazon.com/images/I/71x4V5wzCZL._AC_UY218_.jpg,sony,
255,255,mobius zoom lens sling bag cum waist pouch 100% waterproof dslr sling bag lens - 3 nos (70 200 85mm 50mm) or dslr camera with kit lens and 70-200 lens.,1650,3.7,https://m.media-amazon.com/images/I/71BUcFQNymS._AC_UY218_.jpg,mobius,
256,256,ifitech 1080p hd hidden camera | usb charger type | maximum 128gb sd support | loop/motion triggered recording option | ideal for home/office monitoring,1500,5.5,https://m.media-amazon.com/images/I/51NIFlY4adL._AC_UY218_.jpg,ifitech,
257,257,mobone flexible cell phone octopus gorilla tripod stand for dslr camera & mobile phone 13 inch lightweight bendable foldable gorillapod with ball head with mobile holder (black),475,4.0,https://m.media-amazon.com/images/I/71+oI2pEP2L._AC_UY218_.jpg,mobone,
258,258,fujifilm instax wide 300 instant camera (black),6926,4.1,https://m.media-amazon.com/images/I/91hVbXwen0L._AC_UY218_.jpg,fujifilm,
259,259,"cp plus 4 channal hd dvr 1080p 1pcs,indoor camera 2.4 mp 1pcs,500 gb hard disk,full combo set",6250,4.6,https://m.media-amazon.com/images/I/41ehPnlmWfL._AC_UY218_.jpg,cpplus4,
260,260,"kzlynn mini hidden camera v8 pen spy camera hd 1080p video audio recorder, spy gadget body pen camera portable pocket camera support 64gb sd card (not included) security cam - white",2199,3.5,https://m.media-amazon.com/images/I/51BVaMRKRPL._AC_UY218_.jpg,kzlynn,
261,261,ijja mh-24 quick charger for en-el14 battery charger compatible with nikon d3100 d3200 d5100 d5200 and p7000 dslr camera battery charger (black),599,3.1,https://m.media-amazon.com/images/I/31ivtmjzzrL._AC_UY218_.jpg,ijja,
262,262,camrolite for nikon dk-25 rubber eyecup for the d3300/d5300/d5500 digital slr camera (black),210,3.1,https://m.media-amazon.com/images/I/51pkbZdq-SL._AC_UY218_.jpg,camrolite,
263,263,"mixen astronomical telescope with high light transmittance and high magnification, equipped with star finder, outdoor education, corrective mirror",4499,4.6,https://m.media-amazon.com/images/I/71EV5Y+XuxL._AC_UY218_.jpg,mixen,
264,264,fitspark eagle i6 pro real 4k wifi action camera 16mp ultra hd 170° wide-angle lens | external mic support | eis | distortion correction | 40m waterproof | wireless remote | all accessories kit,6999,3.8,https://m.media-amazon.com/images/I/61AGXqXi5cL._AC_UY218_.jpg,fitspark,16.0
265,265,technoview wireless wifi mini security camera bluetooth speaker in digital table clock for home and office with 1080p full hd audio and video recording night vision ( black),5749,4.1,https://m.media-amazon.com/images/I/618NgBiXpEL._AC_UY218_.jpg,technoview,
266,266,paroxysm v380 pro hd 1080pnight vision wireless wifi ip camera with 2 way audio and upto 64 gb sd card support,1299,4.2,https://m.media-amazon.com/images/I/31AMRKWjQXL._AC_UY218_.jpg,paroxysm,
267,267,"sinloe 4 channel 1080p full hd dvr 2mp night color bullet 4 pcs, 500gb hard disk full combo set",8249,3.5,https://m.media-amazon.com/images/I/71OxBTf3Q5L._AC_UY218_.jpg,sinloe,2.0
268,268,"shopee branded 58 mm neutral density nd2 nd4 nd8 nd16 filter and accessory kit for eos rebel t6i t6 t5i t5 t4i t3i sl1 dslr camera, lens pen, filter (pouch included)",449,4.5,https://m.media-amazon.com/images/I/71g-rZ7MQBL._AC_UY218_.jpg,shopee,
269,269,alfasiya® waterproof dslr backpack camera bag lens accessories carry case for all camera bags & others,499,4.0,https://m.media-amazon.com/images/I/51Txsul11bL._AC_UY218_.jpg,alfasiya®,
270,270,kevil toys mini digital camera with 2.0 inch screen 3.0mp hd video camera recorder for kids,989,3.8,https://m.media-amazon.com/images/I/31nqpFBvrBL._AC_UY218_.jpg,kevil,0.0
271,271,zorbes® 1.5m ear otoscope usb microscope borescope inspection camera with 6led 5.5mm,859,5.3,https://m.media-amazon.com/images/I/61HVTUkVgkL._AC_UY218_.jpg,zorbes®,
272,272,fur jaden anti theft camera bag for dslr slr lens accessories waterproof bag case with shock proof cushioning,899,4.2,https://m.media-amazon.com/images/I/81KitB5cmSL._AC_UY218_.jpg,fur,
273,273,"godrej hd 4mp security camera kit, white",14715,4.5,https://m.media-amazon.com/images/I/41X17vFJncL._AC_UY218_.jpg,godrej,4.0
274,274,"ruily® kids camcorder 5mp 2.4"" tft screen for kids camera (blue)",2299,3.9,https://m.media-amazon.com/images/I/31SuaPs62sL._AC_UY218_.jpg,ruily®,5.0
275,275,"sony digital vlog camera zv 1 (compact, video eye af, flip screen, in-built microphone, bluetooth shooting grip, 4k vlogging camera and content creation) - black",70990,3.3,https://m.media-amazon.com/images/I/716sQB1HdPL._AC_UY218_.jpg,sony,
276,276,"sony alpha ilce-7c compact full frame camera (4k, flip screen, light weight, real time tracking, content creation) - black",151990,5.0,https://m.media-amazon.com/images/I/71x4V5wzCZL._AC_UY218_.jpg,sony,
277,277,"sony alpha ilce 6000y 24.3 mp mirrorless digital slr camera with 16-50 mm and 55-210 mm zoom lenses (aps-c sensor, fast auto focus, eye af) - black",56990,4.4,https://m.media-amazon.com/images/I/71BE+wLmJCL._AC_UY218_.jpg,sony,
278,278,"fnd dslr camera case silicone cover scratch proof ,dirt resistant , anti slip, anti fingerprint (for eos 3000d)",999,4.4,https://m.media-amazon.com/images/I/31hABeShhLL._AC_UY218_.jpg,fnd,
279,279,boltove® tempered glass lcd screen protector compatible with canon eos r6 mirror less digital camera [0.25mm 2.5d high definition 9h],299,3.8,https://m.media-amazon.com/images/I/71XhYRzWNXL._AC_UY218_.jpg,boltove®,
280,280,m h enterprise wireless hd ip wifi cctv indoor security camera (support upto 128 gb sd card) (white color) (2),6990,4.6,https://m.media-amazon.com/images/I/51f8qnznVBL._AC_UY218_.jpg,mhenterprise,
281,281,"(renewed) nikon d90 12.3mp digital slr camera (black) with af-s 18-105mm vr lens and af-s dx nikkor 35mm f/1. twin lens memory card, camera bag",49000,3.1,https://m.media-amazon.com/images/I/41lnIY93UpL._AC_UY218_.jpg,(renewed),3.0
282,282,pkst wifi wireless hd ip security camera cctv [watch live demo] | two way communication | night vision camera | supports upto 128 gb sd card [dual antenna],1419,3.1,https://m.media-amazon.com/images/I/511r9jbJzmL._AC_UY218_.jpg,pkst,
283,283,generic universal handlebar mount tripod for dslr slr dv camera for motorcycle bike bicycle,320,2.6,https://m.media-amazon.com/images/I/51DGCpaZRGL._AC_UY218_.jpg,generic,
284,284,mobius everyday 100% waterproof dslr sling with rain cover bag dslr camera with lens and extra one lens flash battery charger memory card.,1200,3.9,https://m.media-amazon.com/images/I/91gWkoZTNES._AC_UY218_.jpg,mobius,
285,285,"mixen astronomical telescope with high light transmittance and high magnification, equipped with star finder, outdoor education, corrective mirror",4499,4.3,https://m.media-amazon.com/images/I/71EV5Y+XuxL._AC_UY218_.jpg,mixen,
286,286,fitspark eagle i6 pro real 4k wifi action camera 16mp ultra hd 170° wide-angle lens | external mic support | eis | distortion correction | 40m waterproof | wireless remote | all accessories kit,6999,3.8,https://m.media-amazon.com/images/I/61AGXqXi5cL._AC_UY218_.jpg,fitspark,16.0
287,287,"ecomaholics gorilla pod tripod (13 inch) with phone holder | good for smartphones, dslr & action cameras/gopros",349,3.8,https://m.media-amazon.com/images/I/51uhoNbLfwL._AC_UY218_.jpg,ecomaholics,
288,288,garyviz secret spy camera hd hidden micro digital voice audio recorder device | small size mini | portable | in built microphone mic | dictaphone | without light | 8gb (2021),1285,4.3,https://m.media-amazon.com/images/I/51eko9fjZwL._AC_UY218_.jpg,garyviz,
289,289,"deewyn 2.0 mp real digital camera for kids, recorder camera hd 2.0 inch screen video front camera for children (multicolor)",799,2.9,https://m.media-amazon.com/images/I/61FM7U26TML._AC_UY218_.jpg,deewyn,
290,290,massmart leather adjustable hand grip wrist strap of dslr camera (black),359,4.0,https://m.media-amazon.com/images/I/51XkzYAxfxS._AC_UY218_.jpg,massmart,
291,291,amazonbasics cleaning kit for dslr cameras and sensitive electronics (cleaning solution not included),449,3.9,https://m.media-amazon.com/images/I/71VAy3iMGQL._AC_UY218_.jpg,amazonbasics,
292,292,dazzle guards screen protector tempered guard for canon eos 6d mark ii dslr camera lcd screen protection,195,2.9,https://m.media-amazon.com/images/I/41tssdyLdXL._AC_UY218_.jpg,dazzle,
293,293,ues full frame digital camera sensor cleaning swab ddr-24 type 3 kit,2999,2.6,https://m.media-amazon.com/images/I/61Vt86dwZeL._AC_UY218_.jpg,ues,
294,294,"canon ixus-285 hs 20.2mp point and shoot camera with 12x optical zoom(silver) + sandisk 128gb ultra sdxc uhs-i memory card - 100mb/s, c10, u1, full hd, sd card",16119,3.8,https://m.media-amazon.com/images/I/71ATIjuBogL._AC_UY218_.jpg,canon,2.0
295,295,"ruily® kids camcorder 5mp 2.4"" tft screen for kids camera (blue)",2299,3.9,https://m.media-amazon.com/images/I/31SuaPs62sL._AC_UY218_.jpg,ruily®,5.0
296,296,"godrej hd 4mp security camera kit, white",14715,5.5,https://m.media-amazon.com/images/I/41X17vFJncL._AC_UY218_.jpg,godrej,4.0
297,297,"sony digital vlog camera zv 1 (compact, video eye af, flip screen, in-built microphone, bluetooth shooting grip, 4k vlogging camera and content creation) - black",70990,3.3,https://m.media-amazon.com/images/I/716sQB1HdPL._AC_UY218_.jpg,sony,
298,298,"sony alpha ilce-7c compact full frame camera (4k, flip screen, light weight, real time tracking, content creation) - black",151990,3.2,https://m.media-amazon.com/images/I/71x4V5wzCZL._AC_UY218_.jpg,sony,
299,299,"bigpassport lightweight mini tripod stand for webcam, smartphone or digital cameras (model:tripod_n1)",299,3.6,https://m.media-amazon.com/images/I/41+NFMnCiWS._AC_UY218_.jpg,bigpassport,
300,300,noga kids digital camera rechargeable with 2.0 inch 1080p ips screen 32gb memory card front and rear lens child camcorder selfie camera gift for age 3-10 kids (pink),2900,4.4,https://m.media-amazon.com/images/I/513jkxm3r3L._AC_UY218_.jpg,noga,
301,301,amazonbasics cleaning kit for dslr cameras and sensitive electronics (cleaning solution not included),449,3.9,https://m.media-amazon.com/images/I/71VAy3iMGQL._AC_UY218_.jpg,amazonbasics,
302,302,ues full frame digital camera sensor cleaning swab ddr-24 type 3 kit,2999,4.2,https://m.media-amazon.com/images/I/61Vt86dwZeL._AC_UY218_.jpg,ues,
303,303,"canon ixus-285 hs 20.2mp point and shoot camera with 12x optical zoom(silver) + sandisk 128gb ultra sdxc uhs-i memory card - 100mb/s, c10, u1, full hd, sd card",16119,3.8,https://m.media-amazon.com/images/I/71ATIjuBogL._AC_UY218_.jpg,canon,2.0
304,304,"leegoal kids digital camera, dual 8mp hd children's cartoon video camera, cute mini child camcorder with smile focus, soft silicone cover, 2 inch led screen for age 3-12 kids girls boys",1520,3.9,https://m.media-amazon.com/images/I/51e3jUutunL._AC_UY218_.jpg,leegoal,8.0
305,305,krypton alley light weight 102cm(40.2 inch)aluminum tripod/universal lightweight tripod with mobile phone/dslr/action camera holder mount (silver and black_102cm x 10cm x 10 cm) 2kg load support with carrying bag.,1099,4.6,https://m.media-amazon.com/images/I/41aTycr2k2L._AC_UY218_.jpg,krypton,
306,306,dvtech� high definition 9h crystal clear view dslr camera flexible screen protector for canon powershot g7 x mark ii (screen size : 3 inch) (1 no) -not a tempered glass,70,4.2,https://m.media-amazon.com/images/I/51MTU0QwPLS._AC_UY218_.jpg,dvtech�,
307,307,"godrej hd 4mp security camera kit, white",14715,4.0,https://m.media-amazon.com/images/I/41X17vFJncL._AC_UY218_.jpg,godrej,4.0
308,308,"mixen astronomical telescope with high light transmittance and high magnification, equipped with star finder, outdoor education, corrective mirror",4499,5.7,https://m.media-amazon.com/images/I/71EV5Y+XuxL._AC_UY218_.jpg,mixen,
309,309,"deewyn 2.0 mp real digital camera for kids, recorder camera hd 2.0 inch screen video front camera for children (multicolor)",799,4.0,https://m.media-amazon.com/images/I/61FM7U26TML._AC_UY218_.jpg,deewyn,
310,310,amicicare 1000x usb digital microscope with 8 led adjustable brightness and 0.3m hd camera compatible with windows and android,1449,4.0,https://m.media-amazon.com/images/I/51jqYol1CfS._AC_UY218_.jpg,amicicare,
311,311,case logic dcb-302 compact case for camera - black,637,4.8,https://m.media-amazon.com/images/I/91RqEsChIfL._AC_UY218_.jpg,case,
312,312,syga 1 piece multicolour dslr camera shoulder strap,199,3.5,https://m.media-amazon.com/images/I/41f81DznbXL._AC_UY218_.jpg,syga,
313,313,battery back cover door lid replacement part for nikon d7000 d7100 d600 d610 d7200 dslr camera,417,4.6,https://m.media-amazon.com/images/I/51V56RpnilL._AC_UY218_.jpg,battery,
314,314,"technoview 4k portable mini voice activated recorder digital 7 days continues recording with single charge, password protection, 5 level noise reduction, 32gb inbuilt memory, professional recorder, hq chip, for study, business, meetings, lectures",5850,5.2,https://m.media-amazon.com/images/I/51Hw6U-M74L._AC_UY218_.jpg,technoview,
315,315,massmart leather adjustable hand grip wrist strap of dslr camera (black),359,5.3,https://m.media-amazon.com/images/I/51XkzYAxfxS._AC_UY218_.jpg,massmart,
316,316,glampanda fully flexible octopus 10 inch gorilla tripod for mobile phone dslr and action camera gopro with holder stand gorillapod,299,3.9,https://m.media-amazon.com/images/I/61M+xsxRmjL._AC_UY218_.jpg,glampanda,
317,317,"ruily® kids camcorder 5mp 2.4"" tft screen for kids camera (blue)",2299,3.9,https://m.media-amazon.com/images/I/31SuaPs62sL._AC_UY218_.jpg,ruily®,5.0
318,318,fitspark eagle i6 pro real 4k wifi action camera 16mp ultra hd 170° wide-angle lens | external mic support | eis | distortion correction | 40m waterproof | wireless remote | all accessories kit,6999,3.8,https://m.media-amazon.com/images/I/61AGXqXi5cL._AC_UY218_.jpg,fitspark,16.0
319,319,"sony digital vlog camera zv 1 (compact, video eye af, flip screen, in-built microphone, bluetooth shooting grip, 4k vlogging camera and content creation) - black",70990,3.6,https://m.media-amazon.com/images/I/716sQB1HdPL._AC_UY218_.jpg,sony,
320,320,"sony alpha ilce-7c compact full frame camera (4k, flip screen, light weight, real time tracking, content creation) - black",151990,3.6,https://m.media-amazon.com/images/I/71x4V5wzCZL._AC_UY218_.jpg,sony,
321,321,"m d lp-e10 battery charger compitable for canon eos 1100d 1200d 1300d, rebel t3 t5 t6, kiss x50 x70 x80 dslr camera",759,4.2,https://m.media-amazon.com/images/I/31oQNzfA2ES._AC_UY218_.jpg,mdlp-e10,
322,322,rts usb 2.0 video audio capture card device adapter vhs vcr to dvd converter support win 2000/win xp/win vista/win 7/win 8/win 10,785,3.5,https://m.media-amazon.com/images/I/51NiJR3psAL._AC_UY218_.jpg,rts,
323,323,"m s tech usb 1280x720p spy camera spectacles, support upto 32gb sd card (not included)",1299,3.0,https://m.media-amazon.com/images/I/31mfoHQ4ePL._AC_UY218_.jpg,mstech,
324,324,microware digital zoom microscope camera magnifier 0.3mp 8-led light magnifying glass 1000x magnification for android phone (3 in 1),2295,4.4,https://m.media-amazon.com/images/I/41-FlQY7pjL._AC_UY218_.jpg,microware,3.0
325,325,"nsinc - digital 3-in-1 40x to 1000x magnification mini handheld endoscope inspection camera with 8 leds metal stand, usb/type c/micro usb compatible with android smartphone, mac, windows",1499,3.0,https://m.media-amazon.com/images/I/41-wcbTu4kL._AC_UY218_.jpg,nsinc,
326,326,eer sq11 full hd mini camera sq11 car sport camcorder motion sensor dv dvr no wifi | spy product,998,2.8,https://m.media-amazon.com/images/I/51eR6LIIXoS._AC_UY218_.jpg,eer,
327,327,"nikon z50 compact mirrorless digital camera with flip under selfie/vlogger lcd, body",66990,3.7,https://m.media-amazon.com/images/I/91tkHspL3ZL._AC_UY218_.jpg,nikon,
328,328,"godrej hd 4mp security camera kit, white",14715,3.5,https://m.media-amazon.com/images/I/41X17vFJncL._AC_UY218_.jpg,godrej,4.0
329,329,"mixen astronomical telescope with high light transmittance and high magnification, equipped with star finder, outdoor education, corrective mirror",4499,3.5,https://m.media-amazon.com/images/I/71EV5Y+XuxL._AC_UY218_.jpg,mixen,
330,330,mobius rapidfire 100% waterproof dslr sling bag camera bag dslr camera with 2 lens,2600,4.2,https://m.media-amazon.com/images/I/71mSnfQ9A1S._AC_UY218_.jpg,mobius,
331,331,"hoji® 9 feet big digital camera camcorder tripod mount stand for all android & ios smartphone dslr, camera with i ball attachment and 2 in1 mobile holder (hoji00-9feet)",849,4.2,https://m.media-amazon.com/images/I/611E2bsapvL._AC_UY218_.jpg,hoji®,
332,332,foton power 4500 mah lp-e10 rechargeable lithuim ion for digital camera battery,1289,4.3,https://m.media-amazon.com/images/I/31itylS36kS._AC_UY218_.jpg,foton,
333,333,"grox photo mini tripod for camera w/pistol grip, portable small tripod for dslr & mirrorless cameras, mini tripod stand w/anti slip feet, works as desktop tripod, vlog tripod, table tripod",299,3.4,https://m.media-amazon.com/images/I/41sNK4P7maL._AC_UY218_.jpg,grox,
334,334,"hikvision 4 channal turbo hd dvr 1080p 1pcs,outdoor camera 2 mp 3pcs,indoor camera 2 mp 1pcs,combo set",8350,4.5,https://m.media-amazon.com/images/I/41Oo-TDQuKL._AC_UY218_.jpg,hikvision,
335,335,kitronics 7.5 feet long tripod stand for self video shoot|dslr camera|you-tubers|video shooting studio etc.compatible with all smartphones & tablets color,598,3.0,https://m.media-amazon.com/images/I/51mJIp+14WL._AC_UY218_.jpg,kitronics,
336,336,street27 sd memory card slot holder tray protector repair for nikon d3200 d5200 d600 d610 dslr cameras,923,4.6,https://m.media-amazon.com/images/I/51MkKnDFaeL._AC_UY218_.jpg,street27,
337,337,"ruily® kids camcorder 5mp 2.4"" tft screen for kids camera (blue)",2299,3.9,https://m.media-amazon.com/images/I/31SuaPs62sL._AC_UY218_.jpg,ruily®,5.0
338,338,fitspark eagle i6 pro real 4k wifi action camera 16mp ultra hd 170° wide-angle lens | external mic support | eis | distortion correction | 40m waterproof | wireless remote | all accessories kit,6999,3.8,https://m.media-amazon.com/images/I/61AGXqXi5cL._AC_UY218_.jpg,fitspark,16.0
339,339,"sony digital vlog camera zv 1 (compact, video eye af, flip screen, in-built microphone, bluetooth shooting grip, 4k vlogging camera and content creation) - black",70990,4.4,https://m.media-amazon.com/images/I/716sQB1HdPL._AC_UY218_.jpg,sony,
340,340,"sony alpha ilce-7c compact full frame camera (4k, flip screen, light weight, real time tracking, content creation) - black",151990,3.6,https://m.media-amazon.com/images/I/71x4V5wzCZL._AC_UY218_.jpg,sony,
341,341,street27 sd memory card slot holder tray protector repair for nikon d3200 d5200 d600 d610 dslr cameras,923,3.2,https://m.media-amazon.com/images/I/51MkKnDFaeL._AC_UY218_.jpg,street27,
342,342,"usb digital microscope, jun-l 3 in 1 handheld 50x-1600x magnification endoscope, 8 led mini video camera for windows 7/8/10 mac linux android",3265,5.4,https://m.media-amazon.com/images/I/61Pvo-XzSiL._AC_UY218_.jpg,usb,
343,343,"ethnic forest digital camera, recorder camera 800w hd 2.0 inch screen video front camera child camera best for kids and also perfect to gift. (mini blue)",837,5.6,https://m.media-amazon.com/images/I/61JKmola5wL._AC_UY218_.jpg,ethnic,
344,344,camera slider cart dolly take cinematic curve and pan shots for dslr,820,3.4,https://m.media-amazon.com/images/I/61dTeE93HeS._AC_UY218_.jpg,camera,
345,345,apcs dslr camera flexible screen protector for nikon d5600 (screen size : 3.2 inch) (1 no) -not a tempered glass,195,3.6,https://m.media-amazon.com/images/I/41HUc4m5ZiL._AC_UY218_.jpg,apcs,
346,346,"gorilla tripod (13 inch height) fully flexible foldable octopus stand for all smartphone & dslr camera's use in photography,youtuber's,videography,shooting film etc.",329,3.2,https://m.media-amazon.com/images/I/617sDOLl7yL._AC_UY218_.jpg,gorilla,
347,347,supernic 3 color pop up hot-shoe flash diffuser set for dslr cameras,199,4.2,https://m.media-amazon.com/images/I/21AhxCPyUFL._AC_UY218_.jpg,supernic,
348,348,yantralay school of gadgets 60 minutes rotating tripod time lapse stabilizer with gopro mount for iphone/samsung/gopro/sjcam/yi/digital cameras,1595,3.8,https://m.media-amazon.com/images/I/41YjeoCgyYL._AC_UY218_.jpg,yantralay,
349,349,"godrej hd 4mp security camera kit, white",14715,5.0,https://m.media-amazon.com/images/I/41X17vFJncL._AC_UY218_.jpg,godrej,4.0
350,350,"mixen astronomical telescope with high light transmittance and high magnification, equipped with star finder, outdoor education, corrective mirror",4499,4.1,https://m.media-amazon.com/images/I/71EV5Y+XuxL._AC_UY218_.jpg,mixen,
351,351,safety net 4k spy wifi digital wall clock new model 1080p hd audio video recording watch live 24 hours surveillance nanny hidden wireless security spy camera for home 128gb supported,6590,4.0,https://m.media-amazon.com/images/I/31Vi6XulqTL._AC_UY218_.jpg,safety,
352,352,homgeel mqb carbon fiber photography monopod 4kg load capacity 144cm max. height with detachable tripod base fluid head for dslr cameras smartphone,18669,4.8,https://m.media-amazon.com/images/I/51ls96YuxUS._AC_UY218_.jpg,homgeel,
353,353,"shopee branded adjustable articulating friction magic arm with large metal camera clamp for dslr camera rig, tripod, photography studio, lcd/dv monitor, microphone- 7 inch",1399,3.6,https://m.media-amazon.com/images/I/51KT7viMLlS._AC_UY218_.jpg,shopee,
354,354,indianonlineshopping wired usb disk camera dvr with motion detection portable mini camcorder mini pocket cam super usb dvs u-disk camera,1699,3.0,https://m.media-amazon.com/images/I/51I8D9uASrL._AC_UY218_.jpg,indianonlineshopping,
355,355,homgeel professional handheld stabilizer video steadicam for pentax digital camera dslr camcorder dv,4829,5.4,https://m.media-amazon.com/images/I/512JIt++maL._AC_UY218_.jpg,homgeel,
356,356,"sony alpha ilce-7m3 full-frame 24.2mp mirrorless digital slr camera body (4k vlogging camera, low light camera) + sandisk 128gb extreme pro sdxc uhs-i card - c10, u3, v30, 4k uhd, sd card",148959,4.2,https://m.media-amazon.com/images/I/81btNxdI-hL._AC_UY218_.jpg,sony,2.0
357,357,"vuffuw 8mp hd video digital children camera, mini 2 inch screen sports camera recorder camcorder with soft cover for boys girls (green)",1495,4.2,https://m.media-amazon.com/images/I/51vBFJyB-ZL._AC_UY218_.jpg,vuffuw,8.0
358,358,"cp plus 4 channal hd dvr 1080p 1pcs,outdoor camera 2.4 mp 1pcs,hdmi cable 1pcs,bnc & dc connectors,combo set",4150,5.5,https://m.media-amazon.com/images/I/312Gr1P1uQL._AC_UY218_.jpg,cpplus4,
359,359,"ruily® kids camcorder 5mp 2.4"" tft screen for kids camera (blue)",2299,3.9,https://m.media-amazon.com/images/I/31SuaPs62sL._AC_UY218_.jpg,ruily®,5.0
360,360,fitspark eagle i6 pro real 4k wifi action camera 16mp ultra hd 170° wide-angle lens | external mic support | eis | distortion correction | 40m waterproof | wireless remote | all accessories kit,6999,3.8,https://m.media-amazon.com/images/I/61AGXqXi5cL._AC_UY218_.jpg,fitspark,16.0
361,361,"sony digital vlog camera zv 1 (compact, video eye af, flip screen, in-built microphone, bluetooth shooting grip, 4k vlogging camera and content creation) - black",70990,5.5,https://m.media-amazon.com/images/I/716sQB1HdPL._AC_UY218_.jpg,sony,
362,362,"sony alpha ilce-7c compact full frame camera (4k, flip screen, light weight, real time tracking, content creation) - black",151990,2.7,https://m.media-amazon.com/images/I/71x4V5wzCZL._AC_UY218_.jpg,sony,
363,363,"hikvision 4 channal turbo hd dvr 1080p 1pcs,outdoor camera 2 mp 1pcs,indoor camera 2 mp 3pcs,combo set",8150,4.7,https://m.media-amazon.com/images/I/4171Kh+nAnL._AC_UY218_.jpg,hikvision,
364,364,"hikvision 8 channel wired standalone dvr cctv camera video recorder 10x10x5.10 (white, network ddns portable)",3890,4.0,https://m.media-amazon.com/images/I/613PIjtrJ9L._AC_UY218_.jpg,hikvision,
365,365,"bagwork waterproof dslr camera bag backpack for all camera bag dslr, slr camera red color 12 liters 33x27x14cm – made in india",799,4.2,https://m.media-amazon.com/images/I/514FUDD16aL._AC_UY218_.jpg,bagwork,
366,366,"zcell pro 1080 action camera, dual 2 inch lcd screen 16 mp image sensor 170 wide-angle lens sports camera 100 ft waterproof case included in accessories",2199,4.0,https://m.media-amazon.com/images/I/61DcmQm2T+L._AC_UY218_.jpg,zcell,
367,367,strapon nn1 dslr backpack 100% waterproof dslr backpack camera bag with rain cover dslr camera with lens lens-3 nos 18-55 55 -250 70-300 battery charger memory cards.,999,4.2,https://m.media-amazon.com/images/I/71pSStAHoRL._AC_UY218_.jpg,strapon,
368,368,sd cass® universal and portable 228 tripod mobile phone clip slr dslr 7-inch mini camera mount stand holder for tiktok youtube videos with 360 degree rotating ball head compatible with all smartphone,440,3.7,https://m.media-amazon.com/images/I/41hwEBQlQ5L._AC_UY218_.jpg,sdcass®universal,
369,369,"mixen astronomical telescope with high light transmittance and high magnification, equipped with star finder, outdoor education, corrective mirror",4499,4.2,https://m.media-amazon.com/images/I/71EV5Y+XuxL._AC_UY218_.jpg,mixen,
370,370,fitspark eagle i6 pro real 4k wifi action camera 16mp ultra hd 170° wide-angle lens | external mic support | eis | distortion correction | 40m waterproof | wireless remote | all accessories kit,6999,3.8,https://m.media-amazon.com/images/I/61AGXqXi5cL._AC_UY218_.jpg,fitspark,16.0
371,371,crystal groups tempered glass screen protector compatible for canon eos 200d ii 24.1mp digital slr camera,189,5.4,https://m.media-amazon.com/images/I/61o4YL497aL._AC_UY218_.jpg,crystal,1.0
372,372,"digitek® (lp e10) lithium-ion rechargeable battery for canon dslr camera | compatibility - eos 1100d, eos 1200d, eos rebel t3, eos rebel t5, x50 & eos kiss",837,3.9,https://m.media-amazon.com/images/I/71qJlXd2M2L._AC_UY218_.jpg,digitek®,
373,373,"kevil digital camera, recorder camera 800w hd 2.0 inch screen video front camera child camera (miini pink)",949,5.1,https://m.media-amazon.com/images/I/31nqpFBvrBL._AC_UY218_.jpg,kevil,
374,374,"fredi hd plus new version mini wifi hidden cameras in 3 pin multi plug 6/16a ,inbuilt 64gb sd card with audio and video live feed wifi motion detection,1080p nanny cams wireless with cell phone app",6550,3.8,https://m.media-amazon.com/images/I/311g16zmNkS._AC_UY218_.jpg,fredi,
375,375,"hi-lite essentials 3388 tripod with mobile clip holder with selfie trigger 2 section lever lock legs for easy height adjustments for dslr camera, iphone and android with bag(max height 5 feet)",999,4.0,https://m.media-amazon.com/images/I/314HV3tPZDL._AC_UY218_.jpg,hi-lite,
376,376,microware digital ear cleaning endoscope microscope otoscope 3 in 1 multifunctional ear cleaner usb borescope endoscope visual ear wax remover hd camera visual earpick clean tool 6 adjustable led,2999,3.1,https://m.media-amazon.com/images/I/21OjWkrP7YL._AC_UY218_.jpg,microware,
377,377,homgeel macro extension bellows compatible with nex e-mount lens cameras dslr slr cameras focusing attachments accessory,3929,4.2,https://m.media-amazon.com/images/I/61CH8p97M+L._AC_UY218_.jpg,homgeel,
378,378,"ruily® kids camcorder 5mp 2.4"" tft screen for kids camera (blue)",2299,3.9,https://m.media-amazon.com/images/I/31SuaPs62sL._AC_UY218_.jpg,ruily®,5.0
379,379,"godrej hd 4mp security camera kit, white",14715,3.1,https://m.media-amazon.com/images/I/41X17vFJncL._AC_UY218_.jpg,godrej,4.0
380,380,"sony digital vlog camera zv 1 (compact, video eye af, flip screen, in-built microphone, bluetooth shooting grip, 4k vlogging camera and content creation) - black",70990,3.4,https://m.media-amazon.com/images/I/716sQB1HdPL._AC_UY218_.jpg,sony,
381,381,"sony alpha ilce-7c compact full frame camera (4k, flip screen, light weight, real time tracking, content creation) - black",151990,3.7,https://m.media-amazon.com/images/I/71x4V5wzCZL._AC_UY218_.jpg,sony,
382,382,optimuss battery door battery cover lid cap replacement for canon eos 600d dslr camera repair part,444,5.8,https://m.media-amazon.com/images/I/51AXRDPHoXL._AC_UY218_.jpg,optimuss,
383,383,raiyaraj looking dummy cctv fake dome security camera usb port dome camera vision cctv dvr with memory card slot recording system,1249,4.9,https://m.media-amazon.com/images/I/512HKSHhFNL._AC_UY218_.jpg,raiyaraj,
384,384,"sevam photo mini tripod for camera w/pistol grip, portable small tripod for dslr & mirrorless cameras, mini tripod stand w/anti slip feet, works as desktop tripod, vlog tripod, table tripod",249,5.0,https://m.media-amazon.com/images/I/41Z2Mt-X6kL._AC_UY218_.jpg,sevam,
385,385,osaladi teleprompter prompter with remote control smartphone tablet dslr camera beam splitter for video recording live streaming interview use,618311,4.0,https://m.media-amazon.com/images/I/41-dlCHfEnL._AC_UY218_.jpg,osaladi,
386,386,"cqlek® rugged gorilla tripod 13 inch for mobile phone with holder for mobile, flexible gorilla stand for dslr & action cameras",325,3.8,https://m.media-amazon.com/images/I/51+iv5v39sL._AC_UY218_.jpg,cqlek®,
387,387,"welborn enel14 rechargeable battery pack compatible with nikon digital cameras | d3100, d3200, d3300, d3400, d3500, d5100, d5200, d5300, d5500, d5600 | coolpix p7000, p7100, p7200, p7700, p7800, df",1114,4.1,https://m.media-amazon.com/images/I/51lTVdnSRZS._AC_UY218_.jpg,welborn,
388,388,"hiffin® 7 inches adjustable articulating friction magic arm and super clamp crab pliers clip for dslr camera rig, lcd monitor, dv monitor, led lights, flash light, load up to 17.6 pounds/ 8 kilograms",620,4.2,https://m.media-amazon.com/images/I/415Gn3j5-oL._AC_UY218_.jpg,hiffin®,
389,389,homgeel d27 photography camera bag single-shoulder camera messenger bag water-resisitant for dslr/slr mirrorless cameras lenses photography accesories black,4599,4.6,https://m.media-amazon.com/images/I/81I2xzpiwGS._AC_UY218_.jpg,homgeel,
390,390,"godrej hd 4mp security camera kit, white",14715,3.8,https://m.media-amazon.com/images/I/41X17vFJncL._AC_UY218_.jpg,godrej,4.0
391,391,fitspark eagle i6 pro real 4k wifi action camera 16mp ultra hd 170° wide-angle lens | external mic support | eis | distortion correction | 40m waterproof | wireless remote | all accessories kit,6999,3.8,https://m.media-amazon.com/images/I/61AGXqXi5cL._AC_UY218_.jpg,fitspark,16.0
392,392,"skadioo gorilla tripod, tripod, tripod stand, tripod mobile holder, tripod for mobile, mobile tripod, camera stand, flexible gorilla stand for dslr & action cameras, tripod for mobile phone",249,3.9,https://m.media-amazon.com/images/I/61jl6h2J+wL._AC_UY218_.jpg,skadioo,
393,393,homgeel new z-shaped aluminum alloy foldable camera camcorder desktop holder quick release plate tilt head for pentax dslr camera video track slider tripod film making macrophotography,4279,3.8,https://m.media-amazon.com/images/I/61j6429VeUS._AC_UY218_.jpg,homgeel,
394,394,alfasiya® camera speedlite flash softbox and reflector diffuser kit for canon nikon and other dslr cameras flashes flash diffuser (multicolor),222,4.2,https://m.media-amazon.com/images/I/41p3bWeZHQL._AC_UY218_.jpg,alfasiya®,
395,395,kids music digital camera 12.0mp rechargeable kids camera with 2.0 inch 1080p ips screen 32gb memory card child camcorder gift for age 3-10 kids (white),2600,4.0,https://m.media-amazon.com/images/I/51ENcqbhszL._AC_UY218_.jpg,,0.0
396,396,"supernic branded 49mm neutral density nd filter 2/4/8/16 kit with carry pouch for for sony alpha a3000, nex series dslr cameras with microfiber cloth",395,2.8,https://m.media-amazon.com/images/I/31tDNA4753L._AC_UY218_.jpg,supernic,
397,397,5.5 mm waterproof v8 usb endoscope inspection digital camera with 5 m cable for android phone,1599,4.6,https://m.media-amazon.com/images/I/41cZoZ6RiQL._AC_UY218_.jpg,5.5,
398,398,"subton tripod stand for camera, dslr, mobile all in one stand robust n strong for tiktok youtube family kids picnic live video recording and photoshoot- with free mobile holder (3366 black)",999,3.8,https://m.media-amazon.com/images/I/512S3dLhSXL._AC_UY218_.jpg,subton,
399,399,"ruily® kids camcorder 5mp 2.4"" tft screen for kids camera (blue)",2299,3.9,https://m.media-amazon.com/images/I/31SuaPs62sL._AC_UY218_.jpg,ruily®,5.0
400,400,"mixen astronomical telescope with high light transmittance and high magnification, equipped with star finder, outdoor education, corrective mirror",4499,2.3,https://m.media-amazon.com/images/I/71EV5Y+XuxL._AC_UY218_.jpg,mixen,
401,401,"sony digital vlog camera zv 1 (compact, video eye af, flip screen, in-built microphone, bluetooth shooting grip, 4k vlogging camera and content creation) - black",70990,4.6,https://m.media-amazon.com/images/I/716sQB1HdPL._AC_UY218_.jpg,sony,
402,402,"sony alpha ilce-7c compact full frame camera (4k, flip screen, light weight, real time tracking, content creation) - black",151990,4.1,https://m.media-amazon.com/images/I/71x4V5wzCZL._AC_UY218_.jpg,sony,
403,403,"ceuta® rubber air blower cleaner dust/rocket blower for keyboard, digital slr camera, lens, watch, cell phone, computer laptop pc and screen lens cleaner",275,3.6,https://m.media-amazon.com/images/I/41a1zG7EiAL._AC_UY218_.jpg,ceuta®,
404,404,ruily® kids camcorder 5mp 2.4 tft screen for kids camera (pink),2299,3.8,https://m.media-amazon.com/images/I/31IjgRkapvL._AC_UY218_.jpg,ruily®,5.0
405,405,"godrej hd 4mp security camera kit, white",14715,3.7,https://m.media-amazon.com/images/I/41X17vFJncL._AC_UY218_.jpg,godrej,4.0
406,406,m s tech camera u-disk usb flash drive nanny cam motion detection digital video recorder audio recording,1080,3.6,https://m.media-amazon.com/images/I/41SFGB0LkUL._AC_UY218_.jpg,mstech,
407,407,"ruily® kids camcorder 5mp 2.4"" tft screen for kids camera (blue)",2299,3.9,https://m.media-amazon.com/images/I/31SuaPs62sL._AC_UY218_.jpg,ruily®,5.0
408,408,"mixen astronomical telescope with high light transmittance and high magnification, equipped with star finder, outdoor education, corrective mirror",4499,3.6,https://m.media-amazon.com/images/I/71EV5Y+XuxL._AC_UY218_.jpg,mixen,
