,PRODUCT NAME,PRODUCT PRICE,PRODUCT RATING,URL,brand,star,capacity,doubledoor
0,amazonbasics 564 l side-by-side door refrigerator (black glass door),49699,,https://m.media-amazon.com/images/I/71fa4e1KQsL._AC_UY218_.jpg,amazonbasics,,564.0,0
1,"candy 170 l 2 star direct-cool single door refrigerator (cdsd522170ms, moon silver)",9690,4.1,https://m.media-amazon.com/images/I/718n2Wv3inL._AC_UY218_.jpg,candy,2.0,170.0,0
2,"whirlpool 190 l 3 star direct-cool single door refrigerator (wde 205 cls 3s, blue)",12730,4.2,https://m.media-amazon.com/images/I/51HxYKRTfhL._AC_UY218_.jpg,whirlpool,3.0,190.0,0
3,"whirlpool 200 l 4 star inverter direct-cool single door refrigerator (215 icemagic pro roy 4s inv, sapphire mulia, base stand)",16230,4.2,https://m.media-amazon.com/images/I/715j2BmGiwL._AC_UY218_.jpg,whirlpool,4.0,200.0,0
4,"samsung 192 l 2 star direct cool single door refrigerator (rr19a241bgs/nl, grey silver)",13190,,https://m.media-amazon.com/images/I/81FyYXoQF-L._AC_UY218_.jpg,samsung,2.0,192.0,0
5,"samsung 230 l 3 star inverter single door refrigerator (rr24a2y2ys8/nl, elegant inox)",16790,4.2,https://m.media-amazon.com/images/I/81nRR-MTPDL._AC_UY218_.jpg,samsung,3.0,230.0,0
6,"samsung 225 l 4 star inverter direct cool single door refrigerator(rr23a2f3x9u/hl, paradise blue, base stand with drawer, digi-touch cool)",19990,,https://m.media-amazon.com/images/I/81XbI3uVAFL._AC_UY218_.jpg,samsung,4.0,225.0,0
7,"samsung 253 l 3 star with inverter double door refrigerator (rt28a3453s8/hl, elegant inox)",24890,,https://m.media-amazon.com/images/I/71EZGsB-w8L._AC_UY218_.jpg,samsung,3.0,253.0,1
8,"lg 190 l 5 star inverter direct-cool single door refrigerator (gl-d201apzz, shiny steel, base stand with drawer)",16590,,https://m.media-amazon.com/images/I/51g7DtRdmIS._AC_UY218_.jpg,lg,5.0,190.0,0
9,"samsung 198 l 4 star inverter direct-cool single door refrigerator (rr21t2h2xcr/hl, camellia purple, base stand with drawer)",16750,,https://m.media-amazon.com/images/I/71DJffKcMZL._AC_UY218_.jpg,samsung,4.0,198.0,0
10,"samsung 580 l inverter frost-free french door refrigerator (rf57a5032s9/tl, refined inox, convertible)",74990,,https://m.media-amazon.com/images/I/61uVsGgl1ES._AC_UY218_.jpg,samsung,,580.0,0
11,"samsung 255 l 3 star inverter direct cool single door refrigerator(rr26t389yut/hl, pebble blue, base stand with drawer)",20390,4.2,https://m.media-amazon.com/images/I/71MgoYxgs1L._AC_UY218_.jpg,samsung,3.0,255.0,0
12,"whirlpool 190 l 2 star direct-cool single door refrigerator (wde 205 cls plus 2s, wine fiesta, toughened glass shelves)",12740,,https://m.media-amazon.com/images/I/81K5Xm6R4xL._AC_UY218_.jpg,whirlpool,2.0,190.0,0
13,"whirlpool 190 l 3 star direct-cool single door refrigerator (wde 205 cls 3s, wine)",12730,4.2,https://m.media-amazon.com/images/I/71BCyrMrs0L._AC_UY218_.jpg,whirlpool,3.0,190.0,0
14,"haier 181 l 2 star direct-cool single door refrigerator (hed-1812bks-e, black brushline)",11340,4.2,https://m.media-amazon.com/images/I/71mlSspS7OL._AC_UY218_.jpg,haier,2.0,181.0,0
15,"godrej 185 l 4 star inverter direct-cool single door refrigerator (rd uno 1854 pti aq wn, aqua wine, cool lock technology)",14290,,https://m.media-amazon.com/images/I/61cgzM661WS._AC_UY218_.jpg,godrej,4.0,185.0,0
16,"whirlpool 190 l 4 star inverter direct-cool single door refrigerator (wde 205 prm 4s inv, sapphire magnolia)",14990,,https://m.media-amazon.com/images/I/51pOcwU7HWS._AC_UY218_.jpg,whirlpool,4.0,190.0,0
17,"haier 195 l 4 star direct-cool single-door refrigerator (hed- 20cfds, dazzle steel)",14690,4.2,https://m.media-amazon.com/images/I/61DWru8Y9NL._AC_UY218_.jpg,haier,4.0,195.0,0
18,"whirlpool 190 l 2 star direct-cool single door refrigerator (wde 205 cls plus 2s, sapphire fiesta, toughened glass shelves)",12740,4.2,https://m.media-amazon.com/images/I/81draxos71L._AC_UY218_.jpg,whirlpool,2.0,190.0,0
19,"lg 190 l 4 star inverter direct-cool single door refrigerator (gl-d201ascy, scarlet charm, base stand with drawer)",16431,,https://m.media-amazon.com/images/I/71PjRr580lL._AC_UY218_.jpg,lg,4.0,190.0,0
20,amazonbasics 564 l side-by-side door refrigerator (silver steel finish),48999,4.2,https://m.media-amazon.com/images/I/71DuofqGR8L._AC_UY218_.jpg,amazonbasics,,564.0,0
21,"samsung 225 l 4 star inverter direct cool single door refrigerator(rr23a2f3x9u/hl, paradise blue, base stand with drawer, digi-touch cool)",19990,,https://m.media-amazon.com/images/I/81XbI3uVAFL._AC_UY218_.jpg,samsung,4.0,225.0,0
22,"samsung 580 l inverter frost-free french door refrigerator (rf57a5032s9/tl, refined inox, convertible)",74990,,https://m.media-amazon.com/images/I/61uVsGgl1ES._AC_UY218_.jpg,samsung,,580.0,0
23,"samsung 255 l 3 star inverter direct cool single door refrigerator(rr26t389yut/hl, pebble blue, base stand with drawer)",20390,4.2,https://m.media-amazon.com/images/I/71MgoYxgs1L._AC_UY218_.jpg,samsung,3.0,255.0,0
24,"haier 190 l 2 star direct-cool single door refrigerator (hed-19tbr, burgundy red)",11590,4.2,https://m.media-amazon.com/images/I/61cYybPAvUL._AC_UY218_.jpg,haier,2.0,190.0,0
25,"candy 190 l 2 star direct-cool single door refrigerator (cdsd522190ms, moon silver)",10590,,https://m.media-amazon.com/images/I/71pDcgractL._AC_UY218_.jpg,candy,2.0,190.0,0
26,"haier 170 l 2 star single door refrigerator (hed-17tbr, burgundy red)",11200,4.2,https://m.media-amazon.com/images/I/71riunUnxzL._AC_UY218_.jpg,haier,2.0,170.0,0
27,"godrej 99l 1 star direct cool single door refrigerator (rd champ 114a 13 ewf ps wn, prism wine), red",10490,4.1,https://m.media-amazon.com/images/I/71iY6Jt8P4L._AC_UY218_.jpg,godrej,1.0,99.0,0
28,"godrej 190 l 3 star inverter direct-cool single door refrigerator with jumbo vegetable tray (rd 1903 ewhi 33 stl bl, steel blue, inverter compressor)",12990,4.2,https://m.media-amazon.com/images/I/61zO9th7+1L._AC_UY218_.jpg,godrej,3.0,190.0,0
29,"godrej 185 l 4 star inverter direct-cool single door refrigerator (rd uno 1854 pti aq bl, aqua blue, cool lock technology)",14290,4.1,https://m.media-amazon.com/images/I/61id5NxI2aS._AC_UY218_.jpg,godrej,4.0,185.0,0
30,amazonbasics 43 l single door mini refrigerator,7799,4.1,https://m.media-amazon.com/images/I/51yFFADcyOL._AC_UY218_.jpg,amazonbasics,,43.0,0
31,"haier 195 l 3 star direct-cool single door refrigerator (hrd-1953cks-e, black brushline)",12850,4.1,https://m.media-amazon.com/images/I/51AWxZLdpcL._AC_UY218_.jpg,haier,3.0,195.0,0
32,"godrej 236 l 2 star inverter frost-free double door refrigerator with jumbo vegetable tray (rf eon 236b 25 hi si st, stainless steel)",19280,4.0,https://m.media-amazon.com/images/I/61AAVzzYh5L._AC_UY218_.jpg,godrej,2.0,236.0,1
33,amazonbasics 564 l side-by-side door refrigerator (black glass door),49699,,https://m.media-amazon.com/images/I/71fa4e1KQsL._AC_UY218_.jpg,amazonbasics,,564.0,0
34,"whirlpool 190 l 3 star single door refrigerator (wde 205 cls plus 3s, sapphire radiance)",11490,,https://m.media-amazon.com/images/I/51hrKZcz0jL._AC_UY218_.jpg,whirlpool,3.0,190.0,0
35,"samsung 192 l 3 star inverter direct-cool single door refrigerator (rr20t172ys8/hl, elegant inox)",14300,4.2,https://m.media-amazon.com/images/I/81jyN+LFtOL._AC_UY218_.jpg,samsung,3.0,192.0,0
36,"candy 170 l 2 star direct-cool single door refrigerator (cdsd522170ms, moon silver)",9690,4.1,https://m.media-amazon.com/images/I/718n2Wv3inL._AC_UY218_.jpg,candy,2.0,170.0,0
37,"hisense 93 l 1 star direct-cool single door mini refrigerator (rr120d4asb1, silver)",8499,,https://m.media-amazon.com/images/I/71TaranhO2L._AC_UY218_.jpg,hisense,1.0,93.0,0
38,"samsung 198 l 4 star inverter direct cool single door refrigerator (rr21a2c2xdx/hl, luxe brown, digi-touch cool)",16390,,https://m.media-amazon.com/images/I/71Xu54rhHyL._AC_UY218_.jpg,samsung,4.0,198.0,0
39,"lg 190l 5 star smart inverter direct-cool single door refrigerator (gl-b201ascz, scarlet charm, fastest ice making)",16490,,https://m.media-amazon.com/images/I/71zn7MuhJEL._AC_UY218_.jpg,lg,5.0,190.0,0
40,"whirlpool 265 l 2 star frost-free double door refrigerator (neofresh gd prm 278 2s, crystal black, glass door)",23490,4.1,https://m.media-amazon.com/images/I/81afSsSwiXL._AC_UY218_.jpg,whirlpool,2.0,265.0,1
41,"whirlpool 200 l 3 star inverter direct-cool single door refrigerator with auto-defrost technology (215 vitamagic pro prm 3s inv, magnum steel)",16990,4.2,https://m.media-amazon.com/images/I/61Vx51FsWbL._AC_UY218_.jpg,whirlpool,3.0,200.0,0
42,amazonbasics 564 l side-by-side door refrigerator (silver steel finish),48999,4.2,https://m.media-amazon.com/images/I/71DuofqGR8L._AC_UY218_.jpg,amazonbasics,,564.0,0
43,"samsung 225 l 4 star inverter direct cool single door refrigerator(rr23a2f3x9u/hl, paradise blue, base stand with drawer, digi-touch cool)",19990,,https://m.media-amazon.com/images/I/81XbI3uVAFL._AC_UY218_.jpg,samsung,4.0,225.0,0
44,"samsung 580 l inverter frost-free french door refrigerator (rf57a5032s9/tl, refined inox, convertible)",74990,,https://m.media-amazon.com/images/I/61uVsGgl1ES._AC_UY218_.jpg,samsung,,580.0,0
45,"samsung 255 l 3 star inverter direct cool single door refrigerator(rr26t389yut/hl, pebble blue, base stand with drawer)",20390,4.2,https://m.media-amazon.com/images/I/71MgoYxgs1L._AC_UY218_.jpg,samsung,3.0,255.0,0
46,"godrej 190 l 5 star inverter direct-cool single door refrigerator with jumbo vegetable tray (rd 1905 ptdi 53 gl bl, glass blue, base stand with drawer)",16990,,https://m.media-amazon.com/images/I/71gkLeZUjIL._AC_UY218_.jpg,godrej,5.0,190.0,0
47,"godrej 231 l 1 star frost-free double door refrigerator with anti-bacterial removable gasket(rf eon 245a 15 hf sn st, shiny steel), silver",18490,4.1,https://m.media-amazon.com/images/I/614AEoHdbrL._AC_UY218_.jpg,godrej,1.0,231.0,1
48,"whirlpool 240 l frost free multi-door refrigerator(fp 263d protton roy, alpha steel)",25490,,https://m.media-amazon.com/images/I/71La4hoCgYL._AC_UY218_.jpg,whirlpool,,240.0,0
49,"samsung 220 l 4 star inverter direct cool single door refrigerator(rr23a2k3xbz/hl, midnight blossom black, base stand drawer, digi-touch cool, curd maestro)",21690,,https://m.media-amazon.com/images/I/71JXWiKHFhL._AC_UY218_.jpg,samsung,4.0,220.0,0
50,"whirlpool 190 l 3 star direct-cool single door refrigerator (wde 205 cls 3s, grey)",12740,4.2,https://m.media-amazon.com/images/I/719HwfhS6LL._AC_UY218_.jpg,whirlpool,3.0,190.0,0
51,"lg 260l 3 star smart inverter frost-free double door refrigerator (gl-i292rpzx, shiny steel, door cooling+)",25480,,https://m.media-amazon.com/images/I/71if9IRsHlL._AC_UY218_.jpg,lg,3.0,260.0,1
52,"samsung 253l 3 star inverter frost free double door refrigerator (rt28t3743s8/hl, elegant inox, convertible)",26390,,https://m.media-amazon.com/images/I/517CN-kIsuL._AC_UY218_.jpg,samsung,3.0,253.0,1
53,"samsung 253 l 2 star inverter frost-free double door refrigerator (rt28a3032gs/hl, gray silver)",21890,,https://m.media-amazon.com/images/I/71IucrT1lNL._AC_UY218_.jpg,samsung,2.0,253.0,1
54,"godrej 236 l 2 star inverter frost-free double door refrigerator with jumbo vegetable tray (rf eon 236b 25 hi si st, stainless steel)",19280,4.0,https://m.media-amazon.com/images/I/61AAVzzYh5L._AC_UY218_.jpg,godrej,2.0,236.0,1
55,amazonbasics 564 l side-by-side door refrigerator (silver steel finish),48999,4.2,https://m.media-amazon.com/images/I/71DuofqGR8L._AC_UY218_.jpg,amazonbasics,,564.0,0
56,lg mini refrigerator 45l gl-m051rswc white,9689,3.8,https://m.media-amazon.com/images/I/414+AUXiuDL._AC_UY218_.jpg,lg,,45.0,0
57,"whirlpool 240 l frost free multi-door refrigerator (fp 263d protton roy, german steel)",25490,4.2,https://m.media-amazon.com/images/I/71O1V7baJSL._AC_UY218_.jpg,whirlpool,,240.0,0
58,"hisense 44 l 1 star direct-cool single door mini refrigerator (rr60d4asb1, silver)",6999,4.2,https://m.media-amazon.com/images/I/81P8R0WsuPL._AC_UY218_.jpg,hisense,1.0,44.0,0
59,"lg 190 l 3 star direct-cool single door refrigerator (gl-b201rpzd, shiny steel, moist 'n' fresh)",13490,4.2,https://m.media-amazon.com/images/I/714DxmLR6IL._AC_UY218_.jpg,lg,3.0,190.0,0
60,"samsung 324l 3 star inverter frost free double door refrigerator (rt34t4513s8/hl, elegant inox, convertible)",33890,,https://m.media-amazon.com/images/I/71MPug2uqTL._AC_UY218_.jpg,samsung,3.0,324.0,1
61,"samsung 198 l 4 star inverter direct-cool single door refrigerator (rr21t2g2xcr/hl, camellia purple)",16240,,https://m.media-amazon.com/images/I/71wTeDdwExL._AC_UY218_.jpg,samsung,4.0,198.0,0
62,"godrej 236 l 2 star inverter frost-free double door refrigerator with jumbo vegetable tray (rf eon 236b 25 hi si st, stainless steel)",19280,4.0,https://m.media-amazon.com/images/I/61AAVzzYh5L._AC_UY218_.jpg,godrej,2.0,236.0,1
63,"samsung 198 l 5 star inverter direct-cool single door refrigerator (rr21t2h2wcb/hl, camellia black, base stand with drawer)",18190,,https://m.media-amazon.com/images/I/71OBdqqSxCL._AC_UY218_.jpg,samsung,5.0,198.0,0
64,"godrej 255 l 2 star inverter frost-free double door refrigerator with jumbo vegetable tray (rf eon 255b 25 hi ry dr, royal dremin)",20980,4.0,https://m.media-amazon.com/images/I/71FxWNuC7sL._AC_UY218_.jpg,godrej,2.0,255.0,1
65,amazonbasics 564 l side-by-side door refrigerator (black glass door),49699,,https://m.media-amazon.com/images/I/71fa4e1KQsL._AC_UY218_.jpg,amazonbasics,,564.0,0
66,"samsung 580 l inverter frost-free french door refrigerator (rf57a5032s9/tl, refined inox, convertible)",74990,,https://m.media-amazon.com/images/I/61uVsGgl1ES._AC_UY218_.jpg,samsung,,580.0,0
67,amazonbasics 564 l side-by-side door refrigerator (black glass door),49699,,https://m.media-amazon.com/images/I/71fa4e1KQsL._AC_UY218_.jpg,amazonbasics,,564.0,0
68,"whirlpool 260 l frost-free multi-door refrigerator (fp 283d protton roy, german steel)",27780,,https://m.media-amazon.com/images/I/616TAyqifFL._AC_UY218_.jpg,whirlpool,,260.0,0
69,"whirlpool 300 l frost free multi-door refrigerator(fp 313d protton roy, alpha steel)",30980,4.2,https://m.media-amazon.com/images/I/71LhJyC3u9L._AC_UY218_.jpg,whirlpool,,300.0,0
70,"samsung 192 l 3 star inverter direct cool single door refrigerator (rr20a1y2yu8/hl, saffron blue)",14590,4.2,https://m.media-amazon.com/images/I/713dvJzGx9L._AC_UY218_.jpg,samsung,3.0,192.0,0
71,"samsung 192 l 3 star inverter direct cool single door refrigerator (rr20a1y2yr8/hl, saffron red)",14690,4.2,https://m.media-amazon.com/images/I/71DTP8M4enL._AC_UY218_.jpg,samsung,3.0,192.0,0
72,"whirlpool 190 l 4 star inverter direct-cool single door refrigerator (wde 205 roy 4s inv, wine radiance, base-stand with drawer)",15990,4.2,https://m.media-amazon.com/images/I/61zy+v0CC1L._AC_UY218_.jpg,whirlpool,4.0,190.0,0
73,"whirlpool 190 l 4 star inverter direct-cool single door refrigerator (wde 205 roy 4s inv, sapphire magnolia, base stand)",15990,4.2,https://m.media-amazon.com/images/I/51pTt1Xi4dS._AC_UY218_.jpg,whirlpool,4.0,190.0,0
74,"godrej 190 l 3 star inverter direct-cool single door refrigerator with jumbo vegetable tray (rd 1903 pti 33 dr bl, royal drenim, inverter compressor)",13890,4.1,https://m.media-amazon.com/images/I/71zd5Pq+0tL._AC_UY218_.jpg,godrej,3.0,190.0,0
75,"samsung 192 l 2 star direct cool single door refrigerator (rr19a2z2b6r/nl, mystic overlay red, base stand with drawer)",14890,,https://m.media-amazon.com/images/I/81nhFsPFlcL._AC_UY218_.jpg,samsung,2.0,192.0,0
76,"samsung 255 l 3 star inverter direct cool single door refrigerator(rr26t389yut/hl, pebble blue, base stand with drawer)",20390,4.2,https://m.media-amazon.com/images/I/71MgoYxgs1L._AC_UY218_.jpg,samsung,3.0,255.0,0
77,"godrej 236 l 2 star inverter frost-free double door refrigerator with jumbo vegetable tray (rf eon 236b 25 hi si st, stainless steel)",19280,4.0,https://m.media-amazon.com/images/I/61AAVzzYh5L._AC_UY218_.jpg,godrej,2.0,236.0,1
78,"panasonic 336 l 3 star 6-stage inverter frost-free double door refrigerator (nr-mbg34vss3, shining silver, jumbo vegetable basket)",30490,,https://m.media-amazon.com/images/I/71haKDFTB6L._AC_UY218_.jpg,panasonic,3.0,336.0,1
79,"whirlpool 215 l 5 star inverter direct-cool single door refrigerator (230 impro roy 5s inv sapphire abyss, sapphire abyss)",20240,,https://m.media-amazon.com/images/I/61mMrXzBmhL._AC_UY218_.jpg,whirlpool,5.0,215.0,0
80,"whirlpool 265 l 3 star inverter frost-free double door refrigerator (intellifresh inv cnv 278 3s, german steel, convertible)",27240,4.2,https://m.media-amazon.com/images/I/71uiII0RR3L._AC_UY218_.jpg,whirlpool,3.0,265.0,1
81,"haier 192 l 2star direct-cool single door refrigerator (hed-191tds, dazzel steel)",12390,4.1,https://m.media-amazon.com/images/I/71U6AT4LvgL._AC_UY218_.jpg,haier,2.0,192.0,0
82,"whirlpool 190 l 3 star single door refrigerator (wde 205 roy 3s, sapphire radiance, base stand)",14990,,https://m.media-amazon.com/images/I/5101--gGXHL._AC_UY218_.jpg,whirlpool,3.0,190.0,0
83,"whirlpool 190 l 4 star inverter direct-cool single door refrigerator (wde 205 prm 4s inv magnum steel, magnum steel)",14490,,https://m.media-amazon.com/images/I/518kXqvK6xL._AC_UY218_.jpg,whirlpool,4.0,190.0,0
84,"godrej 185 l 3 star direct-cool single door refrigerator (rd uno 1853 ptf aq wn, aqua wine, cool lock technology)",13890,4.1,https://m.media-amazon.com/images/I/61Ahocrel9S._AC_UY218_.jpg,godrej,3.0,185.0,0
85,"godrej 255 l 2 star inverter frost-free double door refrigerator with jumbo vegetable tray (rf eon 255b 25 hi ry dr, royal dremin)",20980,4.0,https://m.media-amazon.com/images/I/71FxWNuC7sL._AC_UY218_.jpg,godrej,2.0,255.0,1
86,amazonbasics 564 l side-by-side door refrigerator (silver steel finish),48999,4.2,https://m.media-amazon.com/images/I/71DuofqGR8L._AC_UY218_.jpg,amazonbasics,,564.0,0
87,"samsung 580 l inverter frost-free french door refrigerator (rf57a5032s9/tl, refined inox, convertible)",74990,,https://m.media-amazon.com/images/I/61uVsGgl1ES._AC_UY218_.jpg,samsung,,580.0,0
88,amazonbasics 564 l side-by-side door refrigerator (silver steel finish),48999,4.2,https://m.media-amazon.com/images/I/71DuofqGR8L._AC_UY218_.jpg,amazonbasics,,564.0,0
89,"whirlpool 265 l 3 star inverter frost-free double door refrigerator (intellifresh inv cnv 278 3s, black sparkle, convertible)",27240,4.1,https://m.media-amazon.com/images/I/71PpAFGSYyL._AC_UY218_.jpg,whirlpool,3.0,265.0,1
90,"whirlpool 215 l 5 star inverter direct-cool single door refrigerator (230 impro roy 5s inv wine flume, wine flume)",20740,,https://m.media-amazon.com/images/I/61RSpf2xNgL._AC_UY218_.jpg,whirlpool,5.0,215.0,0
91,"samsung 198 l 3 star inverter direct cool single door refrigerator (rr21a2c2yut/hl, pebble blue, digi-touch cool)",15790,,https://m.media-amazon.com/images/I/71Sq64GeE6L._AC_UY218_.jpg,samsung,3.0,198.0,0
92,"samsung 198 l 5 star inverter direct-cool single door refrigerator (rr21t2g2wcr/hl, camellia purple)",17099,,https://m.media-amazon.com/images/I/71VtXOqsI3L._AC_UY218_.jpg,samsung,5.0,198.0,0
93,"lg 215 l 4 star inverter direct-cool single door refrigerator (gl-b221ascy, scarlet charm, moist 'n' fresh)",17674,,https://m.media-amazon.com/images/I/716PBP4pfeL._AC_UY218_.jpg,lg,4.0,215.0,0
94,"samsung 198 l 4 star inverter direct-cool single door refrigerator (rr21a2h2xut/hl, pebble blue, base stand with drawer)",16690,,https://m.media-amazon.com/images/I/71IGmNNBwjL._AC_UY218_.jpg,samsung,4.0,198.0,0
95,"whirlpool 570 l inverter frost-free multi-door refrigerator (ws sbs 570 steel (sh), grey)",61990,4.1,https://m.media-amazon.com/images/I/61-5v7QOt4L._AC_UY218_.jpg,whirlpool,,570.0,0
96,"haier 220 l 4 star inverter direct-cool single door refrigerator (hed-22cfds, dazzel steel/brushline silver)",16590,4.2,https://m.media-amazon.com/images/I/71fwxeMQkwL._AC_UY218_.jpg,haier,4.0,220.0,0
97,"samsung 255 l 3 star inverter direct cool single door refrigerator(rr26t389yut/hl, pebble blue, base stand with drawer)",20390,4.2,https://m.media-amazon.com/images/I/71MgoYxgs1L._AC_UY218_.jpg,samsung,3.0,255.0,0
98,"godrej 236 l 2 star inverter frost-free double door refrigerator with jumbo vegetable tray (rf eon 236b 25 hi si st, stainless steel)",19280,4.0,https://m.media-amazon.com/images/I/61AAVzzYh5L._AC_UY218_.jpg,godrej,2.0,236.0,1
99,"whirlpool 190 l 4 star inverter single door refrigerator (wde 205 roy 4s inv, wine magnolia, base stand)",16490,,https://m.media-amazon.com/images/I/51UjRKm2oyS._AC_UY218_.jpg,whirlpool,4.0,190.0,0
100,"samsung 253 l 3 star digital inverter frost free double door refrigerator (rt28a3453bx/hl, luxe black)",25390,,https://m.media-amazon.com/images/I/61OCuQBUbIL._AC_UY218_.jpg,samsung,3.0,253.0,1
101,"lg 190 l 4 star inverter direct-cool single door refrigerator (gl-b201aspy, scarlet plumeria, moist 'n' fresh)",15545,,https://m.media-amazon.com/images/I/51J0BUWKiFS._AC_UY218_.jpg,lg,4.0,190.0,0
102,"whirlpool 245 l 2 star frost-free double door refrigerator (neofresh 258lh cls plus 2s, german steel)",21240,4.2,https://m.media-amazon.com/images/I/71esczZ2+xL._AC_UY218_.jpg,whirlpool,2.0,245.0,1
103,"lg 270 l 3 star inverter direct-cool single door refrigerator (gl-b281bscx, scarlet charm, moist 'n' fresh)",21990,,https://m.media-amazon.com/images/I/71wS2hpHsBL._AC_UY218_.jpg,lg,3.0,270.0,0
104,"samsung 255 l 3 star inverter direct cool single door refrigerator(rr26t389yut/hl, pebble blue, base stand with drawer)",20390,4.2,https://m.media-amazon.com/images/I/71MgoYxgs1L._AC_UY218_.jpg,samsung,3.0,255.0,0
105,"whirlpool 190 l 3 star direct-cool single door refrigerator (wde 205 cls plus 3s magnum steel, magnum steel)",12740,3.9,https://m.media-amazon.com/images/I/518kXqvK6xL._AC_UY218_.jpg,whirlpool,3.0,190.0,0
106,"amazon basics 335 l frost free double door refrigerator, silver",27499,3.9,https://m.media-amazon.com/images/I/51IrSQmuLgS._AC_UY218_.jpg,amazon,,335.0,1
107,"godrej 255 l 2 star inverter frost-free double door refrigerator with jumbo vegetable tray (rf eon 255b 25 hi ry dr, royal dremin)",20980,4.0,https://m.media-amazon.com/images/I/71FxWNuC7sL._AC_UY218_.jpg,godrej,2.0,255.0,1
108,"amazon basics 335 l frost free double door refrigerator, silver",27499,3.9,https://m.media-amazon.com/images/I/51IrSQmuLgS._AC_UY218_.jpg,amazon,,335.0,1
109,"samsung 580 l inverter frost-free french door refrigerator (rf57a5032s9/tl, refined inox, convertible)",74990,,https://m.media-amazon.com/images/I/61uVsGgl1ES._AC_UY218_.jpg,samsung,,580.0,0
110,amazonbasics 564 l side-by-side door refrigerator (silver steel finish),48999,4.2,https://m.media-amazon.com/images/I/71DuofqGR8L._AC_UY218_.jpg,amazonbasics,,564.0,0
111,"samsung 580 l inverter frost-free french door refrigerator (rf57a5032s9/tl, refined inox, convertible)",74990,,https://m.media-amazon.com/images/I/61uVsGgl1ES._AC_UY218_.jpg,samsung,,580.0,0
112,"godrej 195 l 4 star inverter direct-cool single door refrigerator (rd uno 1954 ptdi jw wn, jewel wine, base stand with drawer, cool lock technology)",15990,3.9,https://m.media-amazon.com/images/I/61uDmtoLQ1S._AC_UY218_.jpg,godrej,4.0,195.0,0
113,whirlpool 190 l 3 star direct cool single door refrigerator (wde 205 cls plus 3s wine radiance),13990,,https://m.media-amazon.com/images/I/51soBqvCGvL._AC_UY218_.jpg,whirlpool,3.0,190.0,0
114,"lg 335 l 3 star inverter frost-free double door refrigerator (gl-t372jds3, dazzle steel, convertible)",37480,,https://m.media-amazon.com/images/I/51-oYe8nKDL._AC_UY218_.jpg,lg,3.0,335.0,1
115,"samsung 192 l 2 star direct cool single door refrigerator (rr19a2y2b6u/nl, mystic overlay blue)",14190,,https://m.media-amazon.com/images/I/81udcgxrP3L._AC_UY218_.jpg,samsung,2.0,192.0,0
116,"godrej 195 l 3 star direct-cool single door refrigerator (rd uno 1953 ptdf aq bl, aqua blue, cool lock technology)",15790,4.1,https://m.media-amazon.com/images/I/611WB1qiGwS._AC_UY218_.jpg,godrej,3.0,195.0,0
117,"lg 260 l 2 star smart inverter frost-free double door refrigerator (gl-s292rdsy, dazzle steel, convertible)",21230,4.1,https://m.media-amazon.com/images/I/51XfUywFkDL._AC_UY218_.jpg,lg,2.0,260.0,1
118,"whirlpool 240 l frost-free multi-door refrigerator (fp 263d protton roy, steel onyx)",25970,,https://m.media-amazon.com/images/I/61dhssecAtL._AC_UY218_.jpg,whirlpool,,240.0,0
119,"samsung 255 l 3 star inverter direct cool single door refrigerator(rr26t389yut/hl, pebble blue, base stand with drawer)",20390,4.2,https://m.media-amazon.com/images/I/71MgoYxgs1L._AC_UY218_.jpg,samsung,3.0,255.0,0
120,"godrej 236 l 2 star inverter frost-free double door refrigerator with jumbo vegetable tray (rf eon 236b 25 hi si st, stainless steel)",19280,4.0,https://m.media-amazon.com/images/I/61AAVzzYh5L._AC_UY218_.jpg,godrej,2.0,236.0,1
121,"gem 100 l 1 star direct-cool single door refrigerator (grdn-120hswp, grey)",9903,4.0,https://m.media-amazon.com/images/I/41GiCZf08lL._AC_UY218_.jpg,gem,1.0,100.0,0
122,"whirlpool 265 l 2 star frost-free double door refrigerator (neofresh df 278 prm 2s, german steel)",23240,4.2,https://m.media-amazon.com/images/I/71AcTY4TloL._AC_UY218_.jpg,whirlpool,2.0,265.0,1
123,"whirlpool 200 l 4 star inverter direct-cool single door refrigerator (215 icemagic pro prm 4s inv, alpha steel) (72133)",16240,,https://m.media-amazon.com/images/I/719i08lbYxL._AC_UY218_.jpg,whirlpool,4.0,200.0,0
124,"whirlpool 200 l 3 star direct-cool single door refrigerator (215 icemagic pro prm 3s, purple mulia)",15690,4.1,https://m.media-amazon.com/images/I/71XSf-8sixL._AC_UY218_.jpg,whirlpool,3.0,200.0,0
125,"croma 90 l 1 star direct cool single door refrigerator (crar0219, grey)",10990,4.0,https://m.media-amazon.com/images/I/31PpafMqNEL._AC_UY218_.jpg,croma,1.0,90.0,0
126,"whirlpool 215 l 5 star inverter direct-cool single door refrigerator (230 icemagic pro prm 5s inv, sapphire flume)",19740,,https://m.media-amazon.com/images/I/61Uf1MLHruL._AC_UY218_.jpg,whirlpool,5.0,215.0,0
127,"whirlpool 340 l 3 star with inverter double door refrigerator (intellifresh inv cnv 355 3s platina, steel onyx)",36250,,https://m.media-amazon.com/images/I/71yDPWGlBxL._AC_UY218_.jpg,whirlpool,3.0,340.0,1
128,"godrej 255 l 2 star inverter frost-free double door refrigerator with jumbo vegetable tray (rf eon 255b 25 hi ry dr, royal dremin)",20980,4.0,https://m.media-amazon.com/images/I/71FxWNuC7sL._AC_UY218_.jpg,godrej,2.0,255.0,1
129,"amazon basics 335 l frost free double door refrigerator, silver",27499,3.9,https://m.media-amazon.com/images/I/51IrSQmuLgS._AC_UY218_.jpg,amazon,,335.0,1
130,"samsung 580 l inverter frost-free french door refrigerator (rf57a5032s9/tl, refined inox, convertible)",74990,,https://m.media-amazon.com/images/I/61uVsGgl1ES._AC_UY218_.jpg,samsung,,580.0,0
131,amazonbasics 564 l side-by-side door refrigerator (silver steel finish),48999,4.2,https://m.media-amazon.com/images/I/71DuofqGR8L._AC_UY218_.jpg,amazonbasics,,564.0,0
132,"kelvinator 95 litres 1 star single door refrigerator, silver grey krc-a110sgp",9598,3.8,https://m.media-amazon.com/images/I/51LMrqoDUhL._AC_UY218_.jpg,kelvinator,1.0,95.0,0
133,"whirlpool 215 l 5 star inverter direct-cool single door refrigerator (230 icemagic pro prm 5s inv, sapphire flume)",19740,,https://m.media-amazon.com/images/I/61Uf1MLHruL._AC_UY218_.jpg,whirlpool,5.0,215.0,0
134,"whirlpool 292 l 3 star inverter frost-free double door refrigerator (intellifresh inv cnv 305 3s, german steel, convertible)",30740,4.2,https://m.media-amazon.com/images/I/61axHDRB8HL._AC_UY218_.jpg,whirlpool,3.0,292.0,1
135,"hisense 185 l 2 star direct-cool single door refrigerator (r229d4asb2, silver)",11490,4.2,https://m.media-amazon.com/images/I/518+PL14SJL._AC_UY218_.jpg,hisense,2.0,185.0,0
136,"lloyd 255 l 3 star inverter direct cool single door refrigerator (gldf273ssbt2pb, stellata blue)",20089,,https://m.media-amazon.com/images/I/81ab-LHd-8S._AC_UY218_.jpg,lloyd,3.0,255.0,0
137,"whirlpool 190 l 4 star inverter direct-cool single door refrigerator (wde 205 prm 4s inv, wine radiance, inverter compressor)",14990,4.2,https://m.media-amazon.com/images/I/71JJrUbJe1L._AC_UY218_.jpg,whirlpool,4.0,190.0,0
138,bhagwati enterprise 7.5l mini car refrigerator portable thermoelectric car compact fridge freezer dc 12v travel home electric cooler and warmer durable portable cold compact fridge,2799,,https://m.media-amazon.com/images/I/41q-gwiq2jL._AC_UY218_.jpg,bhagwati,,7.0,0
139,"samsung 230 l 3 star inverter direct cool single door refrigerator(rr24t285ycr/nl, camellia purple, base stand with drawer)",18190,4.2,https://m.media-amazon.com/images/I/71L3QJqWLfL._AC_UY218_.jpg,samsung,3.0,230.0,0
140,"samsung 255 l 3 star inverter direct cool single door refrigerator(rr26t389yut/hl, pebble blue, base stand with drawer)",20390,4.2,https://m.media-amazon.com/images/I/71MgoYxgs1L._AC_UY218_.jpg,samsung,3.0,255.0,0
141,"godrej 236 l 2 star inverter frost-free double door refrigerator with jumbo vegetable tray (rf eon 236b 25 hi si st, stainless steel)",19280,4.0,https://m.media-amazon.com/images/I/61AAVzzYh5L._AC_UY218_.jpg,godrej,2.0,236.0,1
142,"godrej 265 l 3 star inverter frost-free double door refrigerator (rf eon 265c 35 rci st rh, steel rush, cool shower technology)",24480,4.2,https://m.media-amazon.com/images/I/61ns-p6whvL._AC_UY218_.jpg,godrej,3.0,265.0,1
143,"lg 235 l 4 star inverter direct-cool single door refrigerator (gl-d241aesy, ebony sheen, base stand with drawer)",20140,,https://m.media-amazon.com/images/I/61g+IHQnGML._AC_UY218_.jpg,lg,4.0,235.0,0
144,"panasonic 307 l 3 star 6-stage inverter frost-free double door refrigerator (nr-mbg31vss3, shining silver, jumbo vegetable basket)",29990,,https://m.media-amazon.com/images/I/712fKwuerML._AC_UY218_.jpg,panasonic,3.0,307.0,1
145,"haier 346 l 3 star triple inverter bottom mounted refrigerator convertible (heb-35tds, brushline silver)",35220,4.2,https://m.media-amazon.com/images/I/71yPx7MW81L._AC_UY218_.jpg,haier,3.0,346.0,0
146,"panasonic 584 l with inverter side by side refrigerator (nr-bs60vkx1, dark grey)",61990,4.2,https://m.media-amazon.com/images/I/71bRNQxKzNL._AC_UY218_.jpg,panasonic,,584.0,0
147,"amazon basics 345 l frost free double door refrigerator, silver",27799,,https://m.media-amazon.com/images/I/51E05d4Nv+L._AC_UY218_.jpg,amazon,,345.0,1
148,"whirlpool 190 l 4 star inverter direct-cool single door refrigerator (wde 205 roy 4s inv magnum steel, magnum steel)",15490,4.1,https://m.media-amazon.com/images/I/61bwj2aH3bL._AC_UY218_.jpg,whirlpool,4.0,190.0,0
149,"haier 256 l 2 star convertible bottom mounted refrigerator (heb-25tgs, moon silver)",23290,,https://m.media-amazon.com/images/I/7198VkScUdL._AC_UY218_.jpg,haier,2.0,256.0,0
150,"godrej 255 l 2 star inverter frost-free double door refrigerator with jumbo vegetable tray (rf eon 255b 25 hi ry dr, royal dremin)",20980,4.0,https://m.media-amazon.com/images/I/71FxWNuC7sL._AC_UY218_.jpg,godrej,2.0,255.0,1
151,"amazon basics 335 l frost free double door refrigerator, silver",27499,3.9,https://m.media-amazon.com/images/I/51IrSQmuLgS._AC_UY218_.jpg,amazon,,335.0,1
152,"samsung 580 l inverter frost-free french door refrigerator (rf57a5032s9/tl, refined inox, convertible)",74990,,https://m.media-amazon.com/images/I/61uVsGgl1ES._AC_UY218_.jpg,samsung,,580.0,0
153,amazonbasics 564 l side-by-side door refrigerator (silver steel finish),48999,4.2,https://m.media-amazon.com/images/I/71DuofqGR8L._AC_UY218_.jpg,amazonbasics,,564.0,0
154,"whirlpool 190 l 4 star inverter direct-cool single door refrigerator (wde 205 roy 4s inv magnum steel, magnum steel)",15490,4.1,https://m.media-amazon.com/images/I/61bwj2aH3bL._AC_UY218_.jpg,whirlpool,4.0,190.0,0
155,"samsung 225 l 5 star inverter direct cool single door refrigerator(rr23a2f3wdx/hl,luxe brown, base stand drawer, digi-touch cool)",25990,3.9,https://m.media-amazon.com/images/I/71bzju7LpdL._AC_UY218_.jpg,samsung,5.0,225.0,0
156,"whirlpool 245 l 4 star inverter direct-cool single door refrigerator (260 impro plus roy 4s inv sapphire flume, sapphire flume)",23240,3.9,https://m.media-amazon.com/images/I/51VIxFVrP5L._AC_UY218_.jpg,whirlpool,4.0,245.0,0
157,"lloyd 225 l 3 star inverter direct cool single door refrigerator (gldf243sswt2pb, stellata wine)",18189,,https://m.media-amazon.com/images/I/71bqneR+1zS._AC_UY218_.jpg,lloyd,3.0,225.0,0
158,"godrej 294 l 3 star inverter frost-free double door refrigerator (rf eon 294c 35 rci st rh, steel rush, cool shower technology)",27990,3.9,https://m.media-amazon.com/images/I/61ns-p6whvL._AC_UY218_.jpg,godrej,3.0,294.0,1
159,"haier 258 l 2 star frost free double door refrigerator(hef-25tgs, grey steel/moon silver, convertible)",22590,,https://m.media-amazon.com/images/I/51rH4uFh8vL._AC_UY218_.jpg,haier,2.0,258.0,1
160,"samsung 253l 2 star inverter frost free double door refrigerator (rt28t3122s8/hl, elegant inox, base stand with drawer)",23590,,https://m.media-amazon.com/images/I/710RMZVBSjL._AC_UY218_.jpg,samsung,2.0,253.0,1
161,"samsung 255 l 3 star inverter direct cool single door refrigerator(rr26t389yut/hl, pebble blue, base stand with drawer)",20390,4.2,https://m.media-amazon.com/images/I/71MgoYxgs1L._AC_UY218_.jpg,samsung,3.0,255.0,0
162,"godrej 236 l 2 star inverter frost-free double door refrigerator with jumbo vegetable tray (rf eon 236b 25 hi si st, stainless steel)",19280,4.0,https://m.media-amazon.com/images/I/61AAVzzYh5L._AC_UY218_.jpg,godrej,2.0,236.0,1
163,"lg 260l 3 star smart inverter frost-free double door refrigerator (gl-s292rdsx, dazzle steel, convertible)",26290,3.9,https://m.media-amazon.com/images/I/71nd0B5mhFL._AC_UY218_.jpg,lg,3.0,260.0,1
164,"samsung 198 l 5 star inverter direct-cool single door refrigerator (rr21t2h2w9u/hl, paradise blue, base stand with drawer)",18590,,https://m.media-amazon.com/images/I/81GQ59bMUZL._AC_UY218_.jpg,samsung,5.0,198.0,0
165,"samsung 275l 3 star inverter frost free double door refrigerator (rt30t3443s9/hl, refined inox)",26690,4.2,https://m.media-amazon.com/images/I/71637CM5Z1L._AC_UY218_.jpg,samsung,3.0,275.0,1
166,"godrej 255 l 2 star inverter frost-free double door refrigerator with jumbo vegetable tray (rf eon 255b 25 hi ry dr, royal dremin)",20980,4.0,https://m.media-amazon.com/images/I/71FxWNuC7sL._AC_UY218_.jpg,godrej,2.0,255.0,1
167,"haier 565 l inverter side-by-side door refrigerator (hrf-619ss, silver)",57990,,https://m.media-amazon.com/images/I/815PMvtmzjL._AC_UY218_.jpg,haier,,565.0,0
168,"samsung 198 l 5 star inverter direct-cool single door refrigerator (rr21t2h2w9r/hl, paradise purple, base stand with drawer)",18490,,https://m.media-amazon.com/images/I/81nqCiHPvRL._AC_UY218_.jpg,samsung,5.0,198.0,0
169,"hisense 566 l frost-free side-by-side refrigerator with water dispenser (rs670n4asn, stainless steel)",45999,,https://m.media-amazon.com/images/I/61QLMVoMX5L._AC_UY218_.jpg,hisense,,566.0,0
170,"samsung 275 l 3 star with inverter double door refrigerator (rt30t3743s9/hl, refined inox, convertible)",28390,,https://m.media-amazon.com/images/I/71guF5-AGQL._AC_UY218_.jpg,samsung,3.0,275.0,1
171,"godrej 255 l 2 star inverter frost-free double door refrigerator with jumbo vegetable tray (rf eon 255b 25 hi ry dr, royal dremin)",20980,4.0,https://m.media-amazon.com/images/I/71FxWNuC7sL._AC_UY218_.jpg,godrej,2.0,255.0,1
172,"amazon basics 335 l frost free double door refrigerator, silver",27499,3.9,https://m.media-amazon.com/images/I/51IrSQmuLgS._AC_UY218_.jpg,amazon,,335.0,1
173,amazonbasics 564 l side-by-side door refrigerator (silver steel finish),48999,4.2,https://m.media-amazon.com/images/I/71DuofqGR8L._AC_UY218_.jpg,amazonbasics,,564.0,0
174,amazonbasics 564 l side-by-side door refrigerator (black glass door),49699,,https://m.media-amazon.com/images/I/71fa4e1KQsL._AC_UY218_.jpg,amazonbasics,,564.0,0
175,"samsung 192 l 1 star direct cool single door refrigerator (rr19t21carh/nl, scarlet red)",12490,4.1,https://m.media-amazon.com/images/I/417nKWYCv5L._AC_UY218_.jpg,samsung,1.0,192.0,0
176,"lg 284l 3 star frost-free smart inverter double door refrigerator (gl-t302rdsx, dazzle steel, convertible with door colling+)",30990,3.9,https://m.media-amazon.com/images/I/71sFTd2PN2L._AC_UY218_.jpg,lg,3.0,284.0,1
177,"whirlpool 215 l 4 star inverter direct-cool single door refrigerator (230 impro roy 4s inv alpha steel, alpha steel)",19740,,https://m.media-amazon.com/images/I/61u8evvMqlL._AC_UY218_.jpg,whirlpool,4.0,215.0,0
178,"haier 190 l 2star direct-cool single door refrigerator (hed-19tmf, marine serenity), blue",12490,4.2,https://m.media-amazon.com/images/I/71jcUaUs3SL._AC_UY218_.jpg,haier,2.0,190.0,0
179,"samsung 345l 3 star inverter frost free double door refrigerator (rt37t4513s8/hl, elegant inox, convertible)",36290,,https://m.media-amazon.com/images/I/71pfYtV2upL._AC_UY218_.jpg,samsung,3.0,345.0,1
180,"whirlpool 215 l 3 star direct-cool single door refrigerator (230 icemagic pro roy 3s, sapphire mulia)",18480,4.2,https://m.media-amazon.com/images/I/715j2BmGiwL._AC_UY218_.jpg,whirlpool,3.0,215.0,0
181,"lg 687 l frost free inverter linear side-by-side refrigerator (gc-b247sluv, platinum silver iii, multi air flow)",84209,,https://m.media-amazon.com/images/I/51OoCS1p7DL._AC_UY218_.jpg,lg,,687.0,0
182,"lg 679 l frost free inverter linear side-by-side refrigerator (gc-b247kqdv, graphite steel, multi air flow)",75990,,https://m.media-amazon.com/images/I/61X9uquvwrL._AC_UY218_.jpg,lg,,679.0,0
183,"samsung 580 l inverter frost-free french door refrigerator (rf57a5032s9/tl, refined inox, convertible)",74990,,https://m.media-amazon.com/images/I/61uVsGgl1ES._AC_UY218_.jpg,samsung,,580.0,0
184,"samsung 255 l 3 star inverter direct cool single door refrigerator(rr26t389yut/hl, pebble blue, base stand with drawer)",20390,4.2,https://m.media-amazon.com/images/I/71MgoYxgs1L._AC_UY218_.jpg,samsung,3.0,255.0,0
185,"koryo 225 l 2 star direct-cool single door refrigerator (kdr250s3, silver)",12652,,https://m.media-amazon.com/images/I/71BQ-QCuFVL._AC_UY218_.jpg,koryo,2.0,225.0,0
186,"samsung 225 l 3 star inverter direct cool single door refrigerator (rr26a389ycu/hl, base stand with drawer, camellia blue)",23200,,https://m.media-amazon.com/images/I/61oNJohtXIL._AC_UY218_.jpg,samsung,3.0,225.0,0
187,"hisense 411 l 2 star inverter frost-free double door refrigerator (rt488n4asb2, stainless steel)",31999,4.0,https://m.media-amazon.com/images/I/51pwGjclxqL._AC_UY218_.jpg,hisense,2.0,411.0,1
188,"samsung 700 l with inverter side-by-side refrigerator (rs72r5011sl/tl, ez clean steel)",78500,4.1,https://m.media-amazon.com/images/I/51M0EcDjAyL._AC_UY218_.jpg,samsung,,700.0,0
189,"whirlpool 190 l 2 star direct-cool single door refrigerator (wde 205 cls plus 2s, twilight fiesta)",12740,4.2,https://m.media-amazon.com/images/I/81YMBjTW7-L._AC_UY218_.jpg,whirlpool,2.0,190.0,0
190,"samsung 192 l 3 star inverter direct cool single door refrigerator (rr20a1z2yu8/hl, saffron blue, base stand with drawer)",15490,4.1,https://m.media-amazon.com/images/I/71pComb+jwL._AC_UY218_.jpg,samsung,3.0,192.0,0
191,"samsung 192 l 4 star inverter direct cool single door refrigerator(rr21a2n2xrz/hl, midnight blossom red, base stand with drawer, digi touch cool, curd maestro)",18799,,https://m.media-amazon.com/images/I/71f5I8cid0L._AC_UY218_.jpg,samsung,4.0,192.0,0
192,"lg 188 l 3 star direct-cool single door refrigerator (gl-d191krgd, ruby glow, base stand with drawer)",15424,,https://m.media-amazon.com/images/I/6108FwncrRL._AC_UY218_.jpg,lg,3.0,188.0,0
193,"godrej 255 l 2 star inverter frost-free double door refrigerator with jumbo vegetable tray (rf eon 255b 25 hi ry dr, royal dremin)",20980,4.0,https://m.media-amazon.com/images/I/71FxWNuC7sL._AC_UY218_.jpg,godrej,2.0,255.0,1
194,"amazon basics 335 l frost free double door refrigerator, silver",27499,3.9,https://m.media-amazon.com/images/I/51IrSQmuLgS._AC_UY218_.jpg,amazon,,335.0,1
195,amazonbasics 564 l side-by-side door refrigerator (black glass door),49699,,https://m.media-amazon.com/images/I/71fa4e1KQsL._AC_UY218_.jpg,amazonbasics,,564.0,0
196,"amazon basics 335 l frost free double door refrigerator, silver",27499,3.9,https://m.media-amazon.com/images/I/51IrSQmuLgS._AC_UY218_.jpg,amazon,,335.0,1
197,belity portable car refrigerator freezer cooler 15l auto fridge compressor quick refrigeration home picnic icebox,47699,,https://m.media-amazon.com/images/I/51sGQOCtISL._AC_UY218_.jpg,belity,,15.0,0
198,"samsung 192 l 2 star direct cool single door refrigerator (rr20a271br8/nl, saffron red)",14300,,https://m.media-amazon.com/images/I/71qDIOf9uQL._AC_UY218_.jpg,samsung,2.0,192.0,0
199,"whirlpool 215 l 5 star inverter direct-cool single door refrigerator (230 impro prm 5s inv, sapphire abyss)",18730,4.2,https://m.media-amazon.com/images/I/618G8OQpAmL._AC_UY218_.jpg,whirlpool,5.0,215.0,0
200,amazonbasics 564 l side-by-side door refrigerator (black glass door),49699,,https://m.media-amazon.com/images/I/71fa4e1KQsL._AC_UY218_.jpg,amazonbasics,,564.0,0
201,"samsung 394 l 2 star inverter convertible frost-free double door refrigerator (rt39a5518s9/tl, refined inox)",40990,4.2,https://m.media-amazon.com/images/I/71DukhsqrBL._AC_UY218_.jpg,samsung,2.0,394.0,1
202,"amazon basics 305 l frost free double door refrigerator, silver",25499,4.1,https://m.media-amazon.com/images/I/51IrSQmuLgS._AC_UY218_.jpg,amazon,,305.0,1
203,"whirlpool 200 l 3 star direct-cool single door refrigerator (215 impro roy 3s purple mulia, purple mulia)",15500,4.2,https://m.media-amazon.com/images/I/61UVSCXyvCL._AC_UY218_.jpg,whirlpool,3.0,200.0,0
204,"samsung 580 l inverter frost-free french door refrigerator (rf57a5032s9/tl, refined inox, convertible)",74990,,https://m.media-amazon.com/images/I/61uVsGgl1ES._AC_UY218_.jpg,samsung,,580.0,0
205,"samsung 255 l 3 star inverter direct cool single door refrigerator(rr26t389yut/hl, pebble blue, base stand with drawer)",20390,4.2,https://m.media-amazon.com/images/I/71MgoYxgs1L._AC_UY218_.jpg,samsung,3.0,255.0,0
206,"whirlpool 292 l 3 star inverter frost-free double door refrigerator (intellifresh inv cnv 305 3s, black sparkle, convertible)",30740,4.2,https://m.media-amazon.com/images/I/71PpAFGSYyL._AC_UY218_.jpg,whirlpool,3.0,292.0,1
207,"whirlpool 260 l frost free multi-door refrigerator(fp 283d protton roy, alpha steel)",27480,,https://m.media-amazon.com/images/I/81FXw1saQxL._AC_UY218_.jpg,whirlpool,,260.0,0
208,"whirlpool 190 l 3 star direct-cool single door refrigerator (wde 205 roy 3s wine twinkle, wine twinkle)",14240,,https://m.media-amazon.com/images/I/51foMBFGt2L._AC_UY218_.jpg,whirlpool,3.0,190.0,0
209,"samsung 192 l 4 star inverter direct cool single door refrigerator(rr21a2m2xuz/hl, midnight blossom blue, digi touch cool, curd maestro)",17899,,https://m.media-amazon.com/images/I/71WrtaIXKOL._AC_UY218_.jpg,samsung,4.0,192.0,0
210,"samsung 192 l 3 star direct-cool single door refrigerator (rr20r1y2ys8/hl, elegant inox)",14350,4.1,https://m.media-amazon.com/images/I/81ykI2JewmL._AC_UY218_.jpg,samsung,3.0,192.0,0
211,"godrej 190 l 3 star direct-cool single door refrigerator (rd 1903 ptd 33 gl bl, glass blue, base stand with drawer, large vegetable tray)",13990,4.0,https://m.media-amazon.com/images/I/71jkd+KEVBL._AC_UY218_.jpg,godrej,3.0,190.0,0
212,"godrej 255 l 2 star inverter frost-free double door refrigerator with jumbo vegetable tray (rf eon 255b 25 hi ry dr, royal dremin)",20980,4.0,https://m.media-amazon.com/images/I/71FxWNuC7sL._AC_UY218_.jpg,godrej,2.0,255.0,1
213,amazonbasics 564 l side-by-side door refrigerator (silver steel finish),48999,4.2,https://m.media-amazon.com/images/I/71DuofqGR8L._AC_UY218_.jpg,amazonbasics,,564.0,0
214,amazonbasics 564 l side-by-side door refrigerator (silver steel finish),48999,4.2,https://m.media-amazon.com/images/I/71DuofqGR8L._AC_UY218_.jpg,amazonbasics,,564.0,0
215,"amazon basics 335 l frost free double door refrigerator, silver",27499,3.9,https://m.media-amazon.com/images/I/51IrSQmuLgS._AC_UY218_.jpg,amazon,,335.0,1
216,"haier 242 l 3star inverter direct-cool single door refrigerator (hed-24tks, black brushline)",17590,4.1,https://m.media-amazon.com/images/I/71l3PQ5G5OL._AC_UY218_.jpg,haier,3.0,242.0,0
217,"whirlpool 300 l frost-free multi-door refrigerator (fp 313d protton roy, steel onyx)",31480,,https://m.media-amazon.com/images/I/71jTFHSYf9L._AC_UY218_.jpg,whirlpool,,300.0,0
218,"whirlpool 330 l frost free multi-door refrigerator(fp 343d protton roy, alpha steel)",34990,4.0,https://m.media-amazon.com/images/I/81CGYQ5PyNL._AC_UY218_.jpg,whirlpool,,330.0,0
219,"car refrigerator, dual mode temperature control car refrigerator cooler, cooler warmer 7.5l multifunctional household for camping traveling",7619,,https://m.media-amazon.com/images/I/51wgFAtfGpS._AC_UY218_.jpg,,,7.0,0
220,"lg 215l 5 star direct-cool smart inverter single door refrigerator (gl-d221asvz, scarlet victoria, base stand with drawer)",21071,,https://m.media-amazon.com/images/I/71tyt9XWAyL._AC_UY218_.jpg,lg,5.0,215.0,0
221,"godrej 251 l 3 star inverter direct -cool single door refrigerator with jumbo vegetable tray (rd edgesx 266c 33 tai gl wn, glass wine)",17790,,https://m.media-amazon.com/images/I/61yrgY-++MS._AC_UY218_.jpg,godrej,3.0,251.0,0
222,"haier 195 l 3star direct-cool single door refrigerator (hed-20tmf,marine serenity)",14190,4.2,https://m.media-amazon.com/images/I/61V2MESl5qS._AC_UY218_.jpg,haier,3.0,195.0,0
223,"godrej 215 l 4 star inverter direct-cool single door refrigerator (rd uno 2154 ptdi aq bl, aqua blue, base stand with drawer, cool lock technology)",17490,,https://m.media-amazon.com/images/I/51rPtiNhvSS._AC_UY218_.jpg,godrej,4.0,215.0,0
224,"samsung 580 l inverter frost-free french door refrigerator (rf57a5032s9/tl, refined inox, convertible)",74990,,https://m.media-amazon.com/images/I/61uVsGgl1ES._AC_UY218_.jpg,samsung,,580.0,0
225,"samsung 255 l 3 star inverter direct cool single door refrigerator(rr26t389yut/hl, pebble blue, base stand with drawer)",20390,4.2,https://m.media-amazon.com/images/I/71MgoYxgs1L._AC_UY218_.jpg,samsung,3.0,255.0,0
226,"whirlpool 440 l 3 star inverter frost-free double door refrigerator (intellifresh inv cnv 455 3s, alpha steel, convertible)",48474,4.2,https://m.media-amazon.com/images/I/71XZAtsDFRL._AC_UY218_.jpg,whirlpool,3.0,440.0,1
227,amazonbasics 564 l side-by-side door refrigerator (silver steel finish),48999,4.2,https://m.media-amazon.com/images/I/71DuofqGR8L._AC_UY218_.jpg,amazonbasics,,564.0,0
228,amazonbasics 411l 2 star frost-free double door refrigerator,34499,,https://m.media-amazon.com/images/I/61zgoZDBa5L._AC_UY218_.jpg,amazonbasics,2.0,411.0,1
229,"whirlpool 292 l 2 star frost-free double door refrigerator (neofresh gd prm 305 2s, crystal black, glass door)",28096,,https://m.media-amazon.com/images/I/81afSsSwiXL._AC_UY218_.jpg,whirlpool,2.0,292.0,1
230,"samsung 670 l 2 star ( 2019 ) frost free double door refrigerator(rt65k7058bs/tl, black inox, convertible, inverter compressor)",72200,4.2,https://m.media-amazon.com/images/I/61XCyt5veeL._AC_UY218_.jpg,samsung,2.0,670.0,1
231,av freezer door compatible for samsung ra19bdts1/xtl single doors 190 l refrigerator (clear),599,3.8,https://m.media-amazon.com/images/I/51QR8s+QmfL._AC_UY218_.jpg,av,,19.0,0
232,"lloyd 587 l inverter frost free side by side refrigerator (glsf590dglt1lb, gold glass)",60990,,https://m.media-amazon.com/images/I/5110QDGu6GS._AC_UY218_.jpg,lloyd,,587.0,0
233,"godrej 255 l 2 star inverter frost-free double door refrigerator with jumbo vegetable tray (rf eon 255b 25 hi ry dr, royal dremin)",20980,4.0,https://m.media-amazon.com/images/I/71FxWNuC7sL._AC_UY218_.jpg,godrej,2.0,255.0,1
234,amazonbasics 564 l side-by-side door refrigerator (black glass door),49699,,https://m.media-amazon.com/images/I/71fa4e1KQsL._AC_UY218_.jpg,amazonbasics,,564.0,0
235,amazonbasics 564 l side-by-side door refrigerator (silver steel finish),48999,4.2,https://m.media-amazon.com/images/I/71DuofqGR8L._AC_UY218_.jpg,amazonbasics,,564.0,0
236,"amazon basics 335 l frost free double door refrigerator, silver",27499,3.9,https://m.media-amazon.com/images/I/51IrSQmuLgS._AC_UY218_.jpg,amazon,,335.0,1
237,"amazonbasics 670 l french door refrigerator (silver, triple cooling zone, convertible)",70999,3.8,https://m.media-amazon.com/images/I/61TDcCsF9CL._AC_UY218_.jpg,amazonbasics,,670.0,0
238,"whirlpool 200 l 3 star single door refrigerator (215 icemagic pro roy 3s, cool illusia steel)",15450,4.0,https://m.media-amazon.com/images/I/61u8evvMqlL._AC_UY218_.jpg,whirlpool,3.0,200.0,0
239,"whirlpool 200 l 3 star single door refrigerator (215 impro roy 3s neo dutch, neo dutch)",16941,4.2,https://m.media-amazon.com/images/I/61TjA0QNqWL._AC_UY218_.jpg,whirlpool,3.0,200.0,0
240,"voltas beko voltas beko 563l inverter frost free side by side refrigerator (inox, rsb585xpe)",68000,,https://m.media-amazon.com/images/I/41MySqUwvSL._AC_UY218_.jpg,voltas,,563.0,0
241,"lloyd 225 l 3 star inverter direct cool single door refrigerator (gldf243ssbt2pb, stellata blue)",18189,,https://m.media-amazon.com/images/I/81ab-LHd-8S._AC_UY218_.jpg,lloyd,3.0,225.0,0
242,"samsung 244 l 3 star frost-free double door refrigerator (rt28t3a336w/hl, mystic overlay white)",29800,3.9,https://m.media-amazon.com/images/I/71Arh9XIGzL._AC_UY218_.jpg,samsung,3.0,244.0,1
243,"whirlpool 500 l 3 star inverter frost-free double door refrigerator (intellifresh inv cnv 515 3s, steel onyx, convertible)",51290,,https://m.media-amazon.com/images/I/51qFDOAyqWL._AC_UY218_.jpg,whirlpool,3.0,500.0,1
244,"samsung 580 l inverter frost-free french door refrigerator (rf57a5032s9/tl, refined inox, convertible)",74990,,https://m.media-amazon.com/images/I/61uVsGgl1ES._AC_UY218_.jpg,samsung,,580.0,0
245,"samsung 255 l 3 star inverter direct cool single door refrigerator(rr26t389yut/hl, pebble blue, base stand with drawer)",20390,4.2,https://m.media-amazon.com/images/I/71MgoYxgs1L._AC_UY218_.jpg,samsung,3.0,255.0,0
246,"whirlpool 500 l 3 star inverter frost-free double door refrigerator (intellifresh inv cnv 515 3s, alpha steel, convertible)",54999,3.9,https://m.media-amazon.com/images/I/51zZYouOxXL._AC_UY218_.jpg,whirlpool,3.0,500.0,1
247,pekdi portable 10l car refrigerator ice bucket mini fridge cooler and warmer picnic icebox for skincare snacks cans home and travel,10199,,https://m.media-amazon.com/images/I/51LREFPUc7S._AC_UY218_.jpg,pekdi,,10.0,0
248,"godrej 255 l 3 star inverter direct-cool single door refrigerator (rd edgeduo 270c 33 tdi jd pr, jade purple, base stand with drawer, separate vegetable box)",20490,3.9,https://m.media-amazon.com/images/I/41Vtj4WhSPL._AC_UY218_.jpg,godrej,3.0,255.0,0
249,"haier 258 l 3 star inverter frost-free double door refrigerator (hef-25tds, dazzle steel, convertible)",23790,,https://m.media-amazon.com/images/I/616nhDl2o8L._AC_UY218_.jpg,haier,3.0,258.0,1
250,"lg 215l 5 star inverter direct-cool single door refrigerator (gl-b221ascz, scarlet charm, fastest ice making)",19900,4.1,https://m.media-amazon.com/images/I/716PBP4pfeL._AC_UY218_.jpg,lg,5.0,215.0,0
251,"leonard usa 115 l inverter double door mini refrigerator / small fridge with separate deep freezer compartment & interior light for home, office or bar (based on american technology) (leusaddrefuf, black & silver, double door)",16980,4.2,https://m.media-amazon.com/images/I/71A+zv1sxhL._AC_UY218_.jpg,leonard,,115.0,1
252,"samsung 192 l 2 star direct cool single door refrigerator (rr19a2y2b6r/nl, mystic overlay red)",14190,,https://m.media-amazon.com/images/I/81qDVSj82gL._AC_UY218_.jpg,samsung,2.0,192.0,0
253,"lg 437 l 2 star frost-free smart inverter double door refrigerator (gl-t432apzy, shiny steel, convertible with door cooling+)",45898,,https://m.media-amazon.com/images/I/5108FS+7Y9L._AC_UY218_.jpg,lg,2.0,437.0,1
254,"godrej 255 l 2 star inverter frost-free double door refrigerator with jumbo vegetable tray (rf eon 255b 25 hi ry dr, royal dremin)",20980,4.0,https://m.media-amazon.com/images/I/71FxWNuC7sL._AC_UY218_.jpg,godrej,2.0,255.0,1
255,amazonbasics 564 l side-by-side door refrigerator (black glass door),49699,,https://m.media-amazon.com/images/I/71fa4e1KQsL._AC_UY218_.jpg,amazonbasics,,564.0,0
256,amazonbasics 564 l side-by-side door refrigerator (silver steel finish),48999,4.2,https://m.media-amazon.com/images/I/71DuofqGR8L._AC_UY218_.jpg,amazonbasics,,564.0,0
257,"amazon basics 335 l frost free double door refrigerator, silver",27499,3.9,https://m.media-amazon.com/images/I/51IrSQmuLgS._AC_UY218_.jpg,amazon,,335.0,1
258,"lg 235 l 3 star direct-cool single door refrigerator (gl-d241apzd, shiny steel, base stand with drawer)",18290,,https://m.media-amazon.com/images/I/51u3hguaAjS._AC_UY218_.jpg,lg,3.0,235.0,0
259,"samsung 192 l 3 star inverter direct cool single door refrigerator (rr20a1z2yr8/hl, saffron red, base stand with drawer)",15590,4.2,https://m.media-amazon.com/images/I/710DnPlqXOL._AC_UY218_.jpg,samsung,3.0,192.0,0
260,"samsung 253 l 2 star inverter frost-free double door refrigerator (rt28t3722dx/hl, luxe brown, convertible)",25980,,https://m.media-amazon.com/images/I/71YJ2AvLKqL._AC_UY218_.jpg,samsung,2.0,253.0,1
261,lg 260 l with inverter refrigerator (gl-n292bdsy),20485,,https://m.media-amazon.com/images/I/51iO3+tT0dL._AC_UY218_.jpg,lg,,260.0,0
262,"croma 170 l 2 star 2020 direct cool single door refrigerator (crar0215, brush-line silver)",11490,4.2,https://m.media-amazon.com/images/I/71hdxGlUsFL._AC_UY218_.jpg,croma,2.0,170.0,0
263,"haier 195 l 4 star single door refrigerator (hrd-1954cag-e, artistic glass)",18299,3.8,https://m.media-amazon.com/images/I/71ImnomBVxL._AC_UY218_.jpg,haier,4.0,195.0,0
264,"samsung 580 l inverter frost-free french door refrigerator (rf57a5032s9/tl, refined inox, convertible)",74990,,https://m.media-amazon.com/images/I/61uVsGgl1ES._AC_UY218_.jpg,samsung,,580.0,0
265,"samsung 255 l 3 star inverter direct cool single door refrigerator(rr26t389yut/hl, pebble blue, base stand with drawer)",20390,4.2,https://m.media-amazon.com/images/I/71MgoYxgs1L._AC_UY218_.jpg,samsung,3.0,255.0,0
266,"lg 190 l 4 star direct cool single door refrigerator(gl-b201apzx.apzzebn, shiny steel,smart inverter compressor)",13990,,https://m.media-amazon.com/images/I/71u+NeVVldL._AC_UY218_.jpg,lg,4.0,190.0,0
267,everest plastic eps 50 refrigerator stabilizer upto 300 litres fridge (cherry),1099,4.0,https://m.media-amazon.com/images/I/81m47PjmqgL._AC_UY218_.jpg,everest,,50.0,0
268,"whirlpool 340 l 3 star with inverter double door refrigerator (if inv cnv 355 cool illusia 3s, cool illusia steel, convertible)",32850,,https://m.media-amazon.com/images/I/712j+kItCvS._AC_UY218_.jpg,whirlpool,3.0,340.0,1
269,"lloyd 272 l 2 star inverter frost free double door refrigerator (glff282edst1pb, dark steel)",22470,,https://m.media-amazon.com/images/I/71Ux5pDc4bL._AC_UY218_.jpg,lloyd,2.0,272.0,1
270,"lg 360 l 3 star inverter linear frost-free double door refrigerator (gl-t402jds3, dazzle steel, convertible)",40980,,https://m.media-amazon.com/images/I/61UTlibhl+L._AC_UY218_.jpg,lg,3.0,360.0,1
271,"xinrub mini refrigerator, usb small beer fridge, portable car freezer for drinks beverage cans coffee, electric coolers for camping home dorm bedroom travel office, nice for father husband son (black)",3559,,https://m.media-amazon.com/images/I/61TEJsNeAJS._AC_UY218_.jpg,xinrub,,,0
272,"lloyd 200 l 2 star direct cool one door refrigerator (gldc212sgbt2pb, gardenia blue)",13200,,https://m.media-amazon.com/images/I/811Y88thDGS._AC_UY218_.jpg,lloyd,2.0,200.0,0
273,"godrej 255 l 2 star inverter frost-free double door refrigerator with jumbo vegetable tray (rf eon 255b 25 hi ry dr, royal dremin)",20980,4.0,https://m.media-amazon.com/images/I/71FxWNuC7sL._AC_UY218_.jpg,godrej,2.0,255.0,1
274,amazonbasics 564 l side-by-side door refrigerator (black glass door),49699,,https://m.media-amazon.com/images/I/71fa4e1KQsL._AC_UY218_.jpg,amazonbasics,,564.0,0
275,amazonbasics 564 l side-by-side door refrigerator (silver steel finish),48999,4.2,https://m.media-amazon.com/images/I/71DuofqGR8L._AC_UY218_.jpg,amazonbasics,,564.0,0
276,"amazon basics 335 l frost free double door refrigerator, silver",27499,3.9,https://m.media-amazon.com/images/I/51IrSQmuLgS._AC_UY218_.jpg,amazon,,335.0,1
277,"samsung 253 l 2 star inverter frost-free double door refrigerator (rt28t3042s8/hl, elegant inox(light doi metal))",21900,4.1,https://m.media-amazon.com/images/I/71ZxEFPsTFL._AC_UY218_.jpg,samsung,2.0,253.0,1
278,"whirlpool 340 l 3 star inverter frost-free double door refrigerator (intellifresh inv cnv 355 3s, german steel, convertible)",34618,4.1,https://m.media-amazon.com/images/I/51EyoX3OoYL._AC_UY218_.jpg,whirlpool,3.0,340.0,1
279,"lg 188 l 1 star direct-cool single door refrigerator (gl-b191kpgb -toughened glass, blue)",12990,,https://m.media-amazon.com/images/I/61EGx+dDDTL._AC_UY218_.jpg,lg,1.0,188.0,0
280,"panasonic econavi 307 l 3 star 6-stage inverter frost-free double door refrigerator (nr-bg313vgg3, glitter grey, powered by artificial intelligence)",29799,,https://m.media-amazon.com/images/I/71O4O-+4-xL._AC_UY218_.jpg,panasonic,3.0,307.0,1
281,"whirlpool 190 l 3 star direct-cool single door refrigerator (wde 205 roy 3s sapphire twinkle, sapphire twinkle)",14240,4.2,https://m.media-amazon.com/images/I/51EfKJaPSxL._AC_UY218_.jpg,whirlpool,3.0,190.0,0
282,"samsung 253 l 2 star inverter frost free double door refrigerator(rt28a3122r8/hl, base stand with drawer, saffron red)",24549,,https://m.media-amazon.com/images/I/71Z93-gUcsL._AC_UY218_.jpg,samsung,2.0,253.0,1
283,belity portable 10l car refrigerator ice bucket mini fridge cooler and warmer picnic icebox for skincare snacks cans home and travel,10199,,https://m.media-amazon.com/images/I/51rc0gUCsGS._AC_UY218_.jpg,belity,,10.0,0
284,"samsung 336 l 3 star inverter frost free double door refrigerator (rt37a4633s8/hl, silver, elegant inox, curd maestro)",39500,4.1,https://m.media-amazon.com/images/I/719USmeK5AL._AC_UY218_.jpg,samsung,3.0,336.0,1
285,"samsung 580 l inverter frost-free french door refrigerator (rf57a5032s9/tl, refined inox, convertible)",74990,,https://m.media-amazon.com/images/I/61uVsGgl1ES._AC_UY218_.jpg,samsung,,580.0,0
286,"samsung 255 l 3 star inverter direct cool single door refrigerator(rr26t389yut/hl, pebble blue, base stand with drawer)",20390,4.2,https://m.media-amazon.com/images/I/71MgoYxgs1L._AC_UY218_.jpg,samsung,3.0,255.0,0
287,"lg 188 l 1 star direct-cool single door refrigerator (gl-b191krgb -toughened glass, red)",12990,,https://m.media-amazon.com/images/I/61OwcuhQcYL._AC_UY218_.jpg,lg,1.0,188.0,0
288,"car refrigerator, cooler warmer car refrigerator cooler, household large capacity 7.5l for camping indoors traveling outdoors",7619,,https://m.media-amazon.com/images/I/51NTEXcr38S._AC_UY218_.jpg,,,7.0,0
289,"electrosky mini car refrigerator 7.5l 12v portable electric fridge heater freezer for car, camping, travel, road trip",3499,,https://m.media-amazon.com/images/I/51XJXGrTuhS._AC_UY218_.jpg,electrosky,,7.0,0
290,av freezer door for godrej edge pro 190 l refrigerator (clear),699,4.1,https://m.media-amazon.com/images/I/41J0fXnGhzS._AC_UY218_.jpg,av,,190.0,0
291,"whirlpool 280 l 4 star inverter direct-cool single door refrigerator (305 impro plus prm 4s inv alpha steel, alpha steel)",25490,,https://m.media-amazon.com/images/I/71kF7sRAHgL._AC_UY218_.jpg,whirlpool,4.0,280.0,0
292,"lloyd 340l 3 star inverter frost free double door refrigerator (glff343ahgt1pb, hairline grey)",32490,,https://m.media-amazon.com/images/I/517VviNxPGL._AC_UY218_.jpg,lloyd,3.0,340.0,1
293,amazonbasics 564 l side-by-side door refrigerator (black glass door),49699,,https://m.media-amazon.com/images/I/71fa4e1KQsL._AC_UY218_.jpg,amazonbasics,,564.0,0
294,"godrej 255 l 2 star inverter frost-free double door refrigerator with jumbo vegetable tray (rf eon 255b 25 hi ry dr, royal dremin)",20980,4.0,https://m.media-amazon.com/images/I/71FxWNuC7sL._AC_UY218_.jpg,godrej,2.0,255.0,1
295,amazonbasics 564 l side-by-side door refrigerator (silver steel finish),48999,4.2,https://m.media-amazon.com/images/I/71DuofqGR8L._AC_UY218_.jpg,amazonbasics,,564.0,0
296,"amazon basics 335 l frost free double door refrigerator, silver",27499,3.9,https://m.media-amazon.com/images/I/51IrSQmuLgS._AC_UY218_.jpg,amazon,,335.0,1
297,"whirlpool 355 l 3 star frost free double door refrigerator (ifpro inv cnv 370 3s, omega steel, convertible)",42211,3.9,https://m.media-amazon.com/images/I/719p0pdbPxL._AC_UY218_.jpg,whirlpool,3.0,355.0,1
298,decdeal d c12/24v a c110-240 v 20l car refrigerator freezer icebox cooler auto fridge compressor bt connected app control/ 3 levels voltage adjustable/ led-digital display for outdoor activities picnic,79047,,https://m.media-amazon.com/images/I/51PeOSZQQMS._AC_UY218_.jpg,decdeal,,12.0,0
299,"lloyd 255 l 2 star direct cool single door refrigerator (gldc272srgs2eb, royal grey, with base stand)",19189,,https://m.media-amazon.com/images/I/51PiU52wJKS._AC_UY218_.jpg,lloyd,2.0,255.0,0
300,"haier 195 l 4 star direct-cool single door refrigerator (hrd-1954psg-e, black spiral glass)",18999,,https://m.media-amazon.com/images/I/71jYcn6FL8L._AC_UY218_.jpg,haier,4.0,195.0,0
301,"samsung 230 l 3 star inverter direct cool single door refrigerator (rr24a272ys8/nl, elegant inox)",17600,,https://m.media-amazon.com/images/I/819zmAJt1-L._AC_UY218_.jpg,samsung,3.0,230.0,0
302,"leonard usa 52 l inverter toughened glass door mini fridge with led interior light & temperature control for home, office or bar (based on american technology) (black, leusa60gdwc, single door)",18490,4.0,https://m.media-amazon.com/images/I/710IEqi0ecL._AC_UY218_.jpg,leonard,,52.0,0
303,"midea 544 l frost side by side refrigerator (glass door finish, mdrm648fgg22ind)",65490,,https://m.media-amazon.com/images/I/314cxsv1UpL._AC_UY218_.jpg,midea,,544.0,0
304,"samsung 580 l inverter frost-free french door refrigerator (rf57a5032s9/tl, refined inox, convertible)",74990,,https://m.media-amazon.com/images/I/61uVsGgl1ES._AC_UY218_.jpg,samsung,,580.0,0
305,"samsung 255 l 3 star inverter direct cool single door refrigerator(rr26t389yut/hl, pebble blue, base stand with drawer)",20390,4.2,https://m.media-amazon.com/images/I/71MgoYxgs1L._AC_UY218_.jpg,samsung,3.0,255.0,0
306,"godrej 328 l 2 star inverter frost-free double door refrigerator (rf eon 328b 25 hcit st rh, steel rush, 4 in 1 convertible)",32770,4.1,https://m.media-amazon.com/images/I/31ICme5wtRL._AC_UY218_.jpg,godrej,2.0,328.0,1
307,"lg 516 l 3 star inverter frost-free double door refrigerator (gn-h602hlhq, platinum silver)",60115,,https://m.media-amazon.com/images/I/51NSDUYeojL._AC_UY218_.jpg,lg,3.0,516.0,1
308,"samsung 551 l 2 star frost free double door refrigerator(rt56k6378sl/tl, easy clean steel, inverter compressor)",58990,,https://m.media-amazon.com/images/I/61yKw9HJzHL._AC_UY218_.jpg,samsung,2.0,551.0,1
309,"lg 260l 3 star smart inverter frost-free double door refrigerator (gl-t292spzx, shiny steel, convertible)",26480,4.1,https://m.media-amazon.com/images/I/61tWKTAZqKL._AC_UY218_.jpg,lg,3.0,260.0,1
310,"samsung 244 l 3 star frost-free double door refrigerator (rt28t3a336w/hl, mystic overlay white)",29800,3.9,https://m.media-amazon.com/images/I/71Arh9XIGzL._AC_UY218_.jpg,samsung,3.0,244.0,1
311,"lg 188 l 2 star direct-cool single door refrigerator (gl-b191kdsc, dazzle steel)",12990,,https://m.media-amazon.com/images/I/61M52jd0g5L._AC_UY218_.jpg,lg,2.0,188.0,0
312,"samsung 700 l inverter frost free side-by-side refrigerator (rs72r5001m9tl, gentle silver matt, spacemax technology)",78000,,https://m.media-amazon.com/images/I/61EcvMbH7zL._AC_UY218_.jpg,samsung,,700.0,0
313,"whirlpool 280 l 3 star direct-cool single door refrigerator (305 impro plus prm 3s alpha steel, alpha steel)",22677,3.9,https://m.media-amazon.com/images/I/7194gujk1PL._AC_UY218_.jpg,whirlpool,3.0,280.0,0
314,amazonbasics 564 l side-by-side door refrigerator (black glass door),49699,,https://m.media-amazon.com/images/I/71fa4e1KQsL._AC_UY218_.jpg,amazonbasics,,564.0,0
315,"godrej 255 l 2 star inverter frost-free double door refrigerator with jumbo vegetable tray (rf eon 255b 25 hi ry dr, royal dremin)",20980,4.0,https://m.media-amazon.com/images/I/71FxWNuC7sL._AC_UY218_.jpg,godrej,2.0,255.0,1
316,amazonbasics 564 l side-by-side door refrigerator (silver steel finish),48999,4.2,https://m.media-amazon.com/images/I/71DuofqGR8L._AC_UY218_.jpg,amazonbasics,,564.0,0
317,"amazon basics 335 l frost free double door refrigerator, silver",27499,3.9,https://m.media-amazon.com/images/I/51IrSQmuLgS._AC_UY218_.jpg,amazon,,335.0,1
318,"lloyd 276 l 2 star inverter frost free double door refrigerator (glff282asrt1pb, sakura red)",27989,,https://m.media-amazon.com/images/I/71jOsz-Ha3S._AC_UY218_.jpg,lloyd,2.0,276.0,1
319,"whirlpool 325 l 3 star frost free double door refrigerator (ifpro inv cnv 340 3s, steel onyx, convertible)",40740,3.9,https://m.media-amazon.com/images/I/717AajXrFdL._AC_UY218_.jpg,whirlpool,3.0,325.0,1
320,"lloyd 310l 3 star inverter frost free double door refrigerator (glff313ahgt1pb, hairline grey)",29490,,https://m.media-amazon.com/images/I/51N0VDiB-ZS._AC_UY218_.jpg,lloyd,3.0,310.0,1
321,"samsung 253l 2 star inverter frost free double door refrigerator (rt28t3922r8/hl, blooming saffron red, convertible)",25590,,https://m.media-amazon.com/images/I/7140rbJD8ZL._AC_UY218_.jpg,samsung,2.0,253.0,1
322,"whirlpool 325 l 3 star frost free double door refrigerator (ifpro inv cnv 340 3s, omega steel, convertible)",36740,,https://m.media-amazon.com/images/I/719p0pdbPxL._AC_UY218_.jpg,whirlpool,3.0,325.0,1
323,"samsung 192 l 2 star direct cool single door refrigerator (rr20a271bu8/nl, saffron blue)",14300,,https://m.media-amazon.com/images/I/71K2cmhUQ6L._AC_UY218_.jpg,samsung,2.0,192.0,0
324,"whirlpool 215 l 5 star inverter direct-cool single door refrigerator (230 impro roy 5s inv alpha steel, alpha steel)",20280,,https://m.media-amazon.com/images/I/61u8evvMqlL._AC_UY218_.jpg,whirlpool,5.0,215.0,0
325,"car refrigerator, large capacity cooler warmer multifunctional dual mode temperature control car refrigerator cooler, for traveling camping outdoors indoors",7619,,https://m.media-amazon.com/images/I/51Q-7aYGBrL._AC_UY218_.jpg,,,,0
326,"samsung 580 l inverter frost-free french door refrigerator (rf57a5032s9/tl, refined inox, convertible)",74990,,https://m.media-amazon.com/images/I/61uVsGgl1ES._AC_UY218_.jpg,samsung,,580.0,0
327,"samsung 255 l 3 star inverter direct cool single door refrigerator(rr26t389yut/hl, pebble blue, base stand with drawer)",20390,4.2,https://m.media-amazon.com/images/I/71MgoYxgs1L._AC_UY218_.jpg,samsung,3.0,255.0,0
328,"samsung 394 l 2 star (2019) frost free double door refrigerator(rt39m5538s8/tl, elegant inox, convertible, inverter compressor)",40899,4.1,https://m.media-amazon.com/images/I/61V7VLrO3nL._AC_UY218_.jpg,samsung,2.0,394.0,1
329,"whirlpool 190 l 3 star direct-cool single door refrigerator (wde 205 roy 3s sapphire twinkle, sapphire twinkle)",14240,4.2,https://m.media-amazon.com/images/I/51EfKJaPSxL._AC_UY218_.jpg,whirlpool,3.0,190.0,0
330,"samsung 198 l 4 star inverter direct-cool single door refrigerator (rr21t2g2xrv/hl, purple wave)",15490,4.0,https://m.media-amazon.com/images/I/71o8HrkiqOL._AC_UY218_.jpg,samsung,4.0,198.0,0
331,"samsung 523 l 2 star ( 2019 ) frost free double door refrigerator(rt54k6558sl/tl, silver)",58740,4.1,https://m.media-amazon.com/images/I/91jss9FNn9L._AC_UY218_.jpg,samsung,2.0,523.0,1
332,"electrosky mini car refrigerator 7.5l 12v portable electric fridge heater freezer for car, camping, travel, road trip",3499,,https://m.media-amazon.com/images/I/51XJXGrTuhS._AC_UY218_.jpg,electrosky,,7.0,0
333,toshiba 252 l 2 star frost free inverter double door refrigerator (gr-a28inu(uk) black uni glass door finish with cool air wrap system & chiller room),25990,,https://m.media-amazon.com/images/I/413evrmChkL._AC_UY218_.jpg,toshiba,2.0,252.0,1
334,"lloyd 225 l 3 star inverter direct cool single door refrigerator (gldf243sbws2pb, begonia wine, with base stand)",17190,,https://m.media-amazon.com/images/I/71fIR98xmpS._AC_UY218_.jpg,lloyd,3.0,225.0,0
335,amazonbasics 564 l side-by-side door refrigerator (black glass door),49699,,https://m.media-amazon.com/images/I/71fa4e1KQsL._AC_UY218_.jpg,amazonbasics,,564.0,0
336,"whirlpool 340 l 3 star inverter frost-free double door refrigerator (intellifresh inv cnv 355 3s, german steel, convertible)",34618,4.1,https://m.media-amazon.com/images/I/51EyoX3OoYL._AC_UY218_.jpg,whirlpool,3.0,340.0,1
337,amazonbasics 564 l side-by-side door refrigerator (silver steel finish),48999,4.2,https://m.media-amazon.com/images/I/71DuofqGR8L._AC_UY218_.jpg,amazonbasics,,564.0,0
338,"amazon basics 335 l frost free double door refrigerator, silver",27499,3.9,https://m.media-amazon.com/images/I/51IrSQmuLgS._AC_UY218_.jpg,amazon,,335.0,1
339,"lg 308 l 2 star smart inverter frost-free double door refrigerator (gl-t322rpzy, shiny steel, convertible)",33590,3.9,https://m.media-amazon.com/images/I/41q5+A2SVOL._AC_UY218_.jpg,lg,2.0,308.0,1
340,decdeal portable 10l car refrigerator ice bucket mini fridge cooler and warmer picnic icebox for skincare snacks cans home and travel,14482,,https://m.media-amazon.com/images/I/51Kc4fpx7QS._AC_UY218_.jpg,decdeal,,10.0,0
341,"godrej 290 l 3 star ( 2019 ) frost-free double door refrigerator (rf gf 2903 pth stl yrn, grey)",25990,3.8,https://m.media-amazon.com/images/I/817XTl0-ydL._AC_UY218_.jpg,godrej,3.0,290.0,1
342,"samsung 198 l 4 star inverter direct cool single door refrigerator(rr21a2e2x9r/hl, digi- touch cool, paradise purple)",17400,,https://m.media-amazon.com/images/I/81X5M7VA7US._AC_UY218_.jpg,samsung,4.0,198.0,0
343,"panasonic econavi 307 l 3 star 6-stage inverter frost-free double door refrigerator (nr-bg313pbk3, black, powered by artificial intelligence)",34990,,https://m.media-amazon.com/images/I/71UO+HAnLcL._AC_UY218_.jpg,panasonic,3.0,307.0,1
344,"hisense 690 l inverter frost-free side-by-side refrigerator (rs826n4agn, black crystal)",64999,,https://m.media-amazon.com/images/I/51qYcjJ0qZL._AC_UY218_.jpg,hisense,,690.0,0
345,"bosch 559 l 2 star inverter frost free double door refrigerator (series 6 kgn56lb41i, black, bottom freezer)",67990,4.1,https://m.media-amazon.com/images/I/61CbMBnLl+L._AC_UY218_.jpg,bosch,2.0,559.0,1
346,"samsung 580 l inverter frost-free french door refrigerator (rf57a5032s9/tl, refined inox, convertible)",74990,,https://m.media-amazon.com/images/I/61uVsGgl1ES._AC_UY218_.jpg,samsung,,580.0,0
347,"samsung 255 l 3 star inverter direct cool single door refrigerator(rr26t389yut/hl, pebble blue, base stand with drawer)",20390,4.2,https://m.media-amazon.com/images/I/71MgoYxgs1L._AC_UY218_.jpg,samsung,3.0,255.0,0
348,"samsung 225 l 3 star inverter direct cool single door refrigerator (rr23a2e2y9r/hl, digi-touch cool, paradise bloom purple)",17850,,https://m.media-amazon.com/images/I/71B9oQkPS8L._AC_UY218_.jpg,samsung,3.0,225.0,0
349,"lloyd 255 l 2 star direct cool single door refrigerator (gldc272sgws2pb, gardenia wine, with base stand)",19989,,https://m.media-amazon.com/images/I/81AMr3EcrVS._AC_UY218_.jpg,lloyd,2.0,255.0,0
350,"samsung 253 l 3 star inverter frost free double door refrigerator (rt28a3723s9/hl, refined inox, convertible)",27900,,https://m.media-amazon.com/images/I/71IuGzqDapL._AC_UY218_.jpg,samsung,3.0,253.0,1
351,"whirlpool 190 l 3 star direct-cool single door refrigerator (wde 205 roy 3s magnum steel, magnum steel)",13740,4.1,https://m.media-amazon.com/images/I/61bwj2aH3bL._AC_UY218_.jpg,whirlpool,3.0,190.0,0
352,"whirlpool 200 l 4 star inverter direct-cool single door refrigerator (215 impro prm 4s inv sapphire hibiscus, sapphire hibiscus)",17240,4.2,https://m.media-amazon.com/images/I/71LGMVMUdbL._AC_UY218_.jpg,whirlpool,4.0,200.0,0
353,"whirlpool 215 l 4 star inverter direct-cool single door refrigerator (230 icemagic pro prm 4s inv, wine flume)",17240,4.2,https://m.media-amazon.com/images/I/61opclI0cWL._AC_UY218_.jpg,whirlpool,4.0,215.0,0
354,"haier 310 l 2 star frost-free double door refrigerator (hrf-3304bks-e, black brushline)",30199,3.9,https://m.media-amazon.com/images/I/81wY1Py2zrL._AC_UY218_.jpg,haier,2.0,310.0,1
355,"samsung 192 l 3 star inverter direct cool single door refrigerator (rr20a282ycb/nl, camellia black, base stand drawer)",16000,4.0,https://m.media-amazon.com/images/I/71070KrVk8L._AC_UY218_.jpg,samsung,3.0,192.0,0
356,amazonbasics 564 l side-by-side door refrigerator (black glass door),49699,,https://m.media-amazon.com/images/I/71fa4e1KQsL._AC_UY218_.jpg,amazonbasics,,564.0,0
357,"whirlpool 340 l 3 star inverter frost-free double door refrigerator (intellifresh inv cnv 355 3s, german steel, convertible)",34618,4.1,https://m.media-amazon.com/images/I/51EyoX3OoYL._AC_UY218_.jpg,whirlpool,3.0,340.0,1
358,amazonbasics 564 l side-by-side door refrigerator (silver steel finish),48999,4.2,https://m.media-amazon.com/images/I/71DuofqGR8L._AC_UY218_.jpg,amazonbasics,,564.0,0
359,"amazon basics 335 l frost free double door refrigerator, silver",27499,3.9,https://m.media-amazon.com/images/I/51IrSQmuLgS._AC_UY218_.jpg,amazon,,335.0,1
360,"godrej 210 l 4 star inverter direct-cool single door refrigerator with jumbo vegetable tray (rd edgepro 225d 43 tai aq wn, aqua wine, inverter compressor)",17990,4.2,https://m.media-amazon.com/images/I/61Qd6EisMqS._AC_UY218_.jpg,godrej,4.0,210.0,0
361,"samsung 192 l 3 star inverter direct cool single door refrigerator (rr20a282ycb/nl, camellia black, base stand drawer)",16000,4.0,https://m.media-amazon.com/images/I/71070KrVk8L._AC_UY218_.jpg,samsung,3.0,192.0,0
362,"elanpro mini fridge display refrigerator, direct cool with glass door (50l) for hotel rooms & personal space",11999,,https://m.media-amazon.com/images/I/71jO5JuHZNL._AC_UY218_.jpg,elanpro,,50.0,0
363,"lg 284 l 2 star smart inverter frost-free double door refrigerator (gl-t302rscy, convertible, scarlet charm)",29990,,https://m.media-amazon.com/images/I/61mls4lgelL._AC_UY218_.jpg,lg,2.0,284.0,1
364,"whirlpool 355 l 3 star frost free double door refrigerator (ifpro inv cnv 370 3s, steel onyx, convertible)",40990,3.8,https://m.media-amazon.com/images/I/717AajXrFdL._AC_UY218_.jpg,whirlpool,3.0,355.0,1
365,"lg 360 l 3 star inverter linear frost-free double door refrigerator (gl-t402jpz3, shiny steel, convertibleplus with door cooling+)",42370,,https://m.media-amazon.com/images/I/51FXwGN54+L._AC_UY218_.jpg,lg,3.0,360.0,1
366,"whirlpool 440 l 3 star inverter frost-free double door refrigerator (intellifresh inv cnv 455 3s, steel onyx, convertible)",49480,3.8,https://m.media-amazon.com/images/I/51gErt+b9AL._AC_UY218_.jpg,whirlpool,3.0,440.0,1
367,"samsung 580 l inverter frost-free french door refrigerator (rf57a5032s9/tl, refined inox, convertible)",74990,,https://m.media-amazon.com/images/I/61uVsGgl1ES._AC_UY218_.jpg,samsung,,580.0,0
368,"samsung 255 l 3 star inverter direct cool single door refrigerator(rr26t389yut/hl, pebble blue, base stand with drawer)",20390,4.2,https://m.media-amazon.com/images/I/71MgoYxgs1L._AC_UY218_.jpg,samsung,3.0,255.0,0
369,"lg fastest in ice making, toughened glass shelves top freezer refrigerator, gl-d241ascd, 235l,red",19790,,https://m.media-amazon.com/images/I/51L6sCMUQnL._AC_UY218_.jpg,lg,,241.0,0
370,"samsung 314 l 2 star inverter frost-free double door refrigerator (rt34t4632nv/hl, wave steel, convertible)",36200,,https://m.media-amazon.com/images/I/81ztnKSkddL._AC_UY218_.jpg,samsung,2.0,314.0,1
371,"haier 376l 3 star triple inverter & dual fan frost-free double door refrigerator (hrb-3964pmg-e, mirror glass,14 in 1 convertible-bottom freezer-2021)",46299,,https://m.media-amazon.com/images/I/11TbloItE-S._AC_UY218_.jpg,haier,3.0,376.0,1
372,"whirlpool 325 l 3 star frost free double door refrigerator (if pro bm inv 340 elt+, omega steel, bottom freezer)",36500,,https://m.media-amazon.com/images/I/51j4FTcsg4L._AC_UY218_.jpg,whirlpool,3.0,325.0,1
373,"whirlpool 215 l 3 star direct-cool single door refrigerator (230 icemagic pro prm 3s, alpha steel)",16912,,https://m.media-amazon.com/images/I/719i08lbYxL._AC_UY218_.jpg,whirlpool,3.0,215.0,0
374,amazonbasics 142 l single door chest freezer,14999,4.2,https://m.media-amazon.com/images/I/51kZ62MBjuL._AC_UY218_.jpg,amazonbasics,,142.0,0
375,"samsung 220 l 3 star inverter direct cool single door refrigerator (rr23a2k3ybx/hl, digi-touch cool, curd maestro, base stand with drawer, luxe black)",21990,,https://m.media-amazon.com/images/I/21jVzEkIwUL._AC_UY218_.jpg,samsung,3.0,220.0,0
376,amazonbasics 564 l side-by-side door refrigerator (black glass door),49699,,https://m.media-amazon.com/images/I/71fa4e1KQsL._AC_UY218_.jpg,amazonbasics,,564.0,0
377,"whirlpool 340 l 3 star inverter frost-free double door refrigerator (intellifresh inv cnv 355 3s, german steel, convertible)",34618,4.1,https://m.media-amazon.com/images/I/51EyoX3OoYL._AC_UY218_.jpg,whirlpool,3.0,340.0,1
378,amazonbasics 564 l side-by-side door refrigerator (silver steel finish),48999,4.2,https://m.media-amazon.com/images/I/71DuofqGR8L._AC_UY218_.jpg,amazonbasics,,564.0,0
379,"amazon basics 335 l frost free double door refrigerator, silver",27499,3.9,https://m.media-amazon.com/images/I/51IrSQmuLgS._AC_UY218_.jpg,amazon,,335.0,1
380,"samsung 198 l 3 star inverter direct cool single door refrigerator (rr21a2d2ys8/hl, base stand with drawer, digi-touch cool, elegant inox)",16900,,https://m.media-amazon.com/images/I/71P+1aYOcDL._AC_UY218_.jpg,samsung,3.0,198.0,0
381,"godrej 244 l 3 star inverter frost-free double door refrigerator (rf eon 244c 35 rci st rh, steel rush, cool shower technology)",23290,,https://m.media-amazon.com/images/I/61ns-p6whvL._AC_UY218_.jpg,godrej,3.0,244.0,1
382,"whirlpool 260 l multi-door refrigerator (fp 283d protton roy cool illusia, grey)",27970,3.9,https://m.media-amazon.com/images/I/71ThNhoMEbS._AC_UY218_.jpg,whirlpool,,260.0,0
383,"haier 346l 3 star triple inverter & dual fan frost-free double door refrigerator (hrb-3664bgt-e, green tropical,14 in 1 convertible-bottom freezer-2021)",40699,,https://m.media-amazon.com/images/I/31WW2+qOj1S._AC_UY218_.jpg,haier,3.0,346.0,1
384,"samsung 198 l 3 star inverter direct cool single door refrigerator(rr21a2e2ytg/hl, digi-touch cool, delight tropical)",16600,,https://m.media-amazon.com/images/I/71FoswoWtLS._AC_UY218_.jpg,samsung,3.0,198.0,0
385,homgeel portable 10l car refrigerator ice bucket mini fridge cooler and warmer picnic icebox for skincare snacks cans home and travel gold,8999,,https://m.media-amazon.com/images/I/51kdZoMVBMS._AC_UY218_.jpg,homgeel,,10.0,0
386,"lg 270l 4 star inverter direct-cool single door refrigerator (gl-b281bpzy, shiny steel, fastest ice making)",24451,,https://m.media-amazon.com/images/I/71aqAHnrP-L._AC_UY218_.jpg,lg,4.0,270.0,0
387,"samsung 580 l inverter frost-free french door refrigerator (rf57a5032s9/tl, refined inox, convertible)",74990,,https://m.media-amazon.com/images/I/61uVsGgl1ES._AC_UY218_.jpg,samsung,,580.0,0
388,"samsung 255 l 3 star inverter direct cool single door refrigerator(rr26t389yut/hl, pebble blue, base stand with drawer)",20390,4.2,https://m.media-amazon.com/images/I/71MgoYxgs1L._AC_UY218_.jpg,samsung,3.0,255.0,0
389,"haier 570 l inverter frost-free side-by-side refrigerator (hrf-622ks, black steel)",65505,,https://m.media-amazon.com/images/I/71RlCxjpkRL._AC_UY218_.jpg,haier,,570.0,0
390,"haier 256 l 3 star inverter frost-free double door refrigerator (hrb-2764cis-e, inox steel, bottom freezer)",29199,4.0,https://m.media-amazon.com/images/I/71mh2l18vLL._AC_UY218_.jpg,haier,3.0,256.0,1
391,"whirlpool 245 l 2 star frost-free double door refrigerator (neo 258lh roy sapphire radiance (2s)-n, blue)",21740,,https://m.media-amazon.com/images/I/711CzkwgMrL._AC_UY218_.jpg,whirlpool,2.0,245.0,1
392,"whirlpool 245 l 2 star frost-free double door refrigerator (neo 258h roy 2s, wine viola)",22700,,https://m.media-amazon.com/images/I/715sRn-9y4L._AC_UY218_.jpg,whirlpool,2.0,245.0,1
393,"samsung 198 l 3 star inverter direct cool single door refrigerator(rr21a2f2ytg/hl, digi-touch cool, base stand with drawer, tropical delight)",17600,,https://m.media-amazon.com/images/I/71NV+ePUuxL._AC_UY218_.jpg,samsung,3.0,198.0,0
394,"lg 190 l 3 star direct cool single door refrigerator(gl-b201abpx.abpzebn, blue plumeria,smart inverter compressor)",14049,,https://m.media-amazon.com/images/I/71HOgvY+TPL._AC_UY218_.jpg,lg,3.0,190.0,0
395,"gem 215 l 1 star direct-cool single door refrigerator (grdn-2302glwtv, galaxy wine)",12538,,https://m.media-amazon.com/images/I/51NlSr5qZkL._AC_UY218_.jpg,gem,1.0,215.0,0
396,amazonbasics 564 l side-by-side door refrigerator (black glass door),49699,,https://m.media-amazon.com/images/I/71fa4e1KQsL._AC_UY218_.jpg,amazonbasics,,564.0,0
397,"whirlpool 340 l 3 star inverter frost-free double door refrigerator (intellifresh inv cnv 355 3s, german steel, convertible)",34618,4.1,https://m.media-amazon.com/images/I/51EyoX3OoYL._AC_UY218_.jpg,whirlpool,3.0,340.0,1
398,"amazon basics 335 l frost free double door refrigerator, silver",27499,3.9,https://m.media-amazon.com/images/I/51IrSQmuLgS._AC_UY218_.jpg,amazon,,335.0,1
399,"godrej 255 l 2 star inverter frost-free double door refrigerator with jumbo vegetable tray (rf eon 255b 25 hi ry dr, royal dremin)",20980,4.0,https://m.media-amazon.com/images/I/71FxWNuC7sL._AC_UY218_.jpg,godrej,2.0,255.0,1
400,"samsung 192 l 3 star inverter direct-cool single door refrigerator (rr20t2y2ys8/nl, elegant inox(light doi metal))",14590,4.2,https://m.media-amazon.com/images/I/81ykI2JewmL._AC_UY218_.jpg,samsung,3.0,192.0,0
401,"samsung 580 l inverter frost-free french door refrigerator (rf57a5032s9/tl, refined inox, convertible)",74990,,https://m.media-amazon.com/images/I/61uVsGgl1ES._AC_UY218_.jpg,samsung,,580.0,0
402,"samsung 255 l 3 star inverter direct cool single door refrigerator(rr26t389yut/hl, pebble blue, base stand with drawer)",20390,4.2,https://m.media-amazon.com/images/I/71MgoYxgs1L._AC_UY218_.jpg,samsung,3.0,255.0,0
403,"samsung 394 l 3 star inverter frost-free double door refrigerator (rt39r553ebs/tl, black inox)",44990,,https://m.media-amazon.com/images/I/71fmcRfw6uL._AC_UY218_.jpg,samsung,3.0,394.0,1
404,amazonbasics 564 l side-by-side door refrigerator (black glass door),49699,,https://m.media-amazon.com/images/I/71fa4e1KQsL._AC_UY218_.jpg,amazonbasics,,564.0,0
405,amazonbasics 564 l side-by-side door refrigerator (silver steel finish),48999,4.2,https://m.media-amazon.com/images/I/71DuofqGR8L._AC_UY218_.jpg,amazonbasics,,564.0,0
