,Battery,Camera,PROCESSOR,PRODUCT NAME,PRODUCT PRICE,PRODUCT RATING,URL,brand,ram,rom
0,,,a14bionic,"apple iphone 11 (64gb) - white (includes earpods, power adapter)",49900,,https://m.media-amazon.com/images/I/51o5RmQtroL._AC_UY218_.jpg,apple,,
1,,,a14bionic,new apple iphone 12 mini (64gb) - blue,57149,,https://m.media-amazon.com/images/I/71sNNCTfMuL._AC_UY218_.jpg,apple,,
2,5000.0,,heliog25,"redmi 9a (nature green, 2gb ram, 32gb storage) | 2ghz octa-core helio g25 processor | 5000 mah battery",6999,4.2,https://m.media-amazon.com/images/I/71sxlhYhKWL._AC_UY218_.jpg,redmi,2.0,32.0
3,,,heliog35,"redmi 9 (sky blue, 4gb ram, 64gb storage) | 2.3ghz mediatek helio g35 octa core processor",9499,4.2,https://m.media-amazon.com/images/I/71A9Vo1BatL._AC_UY218_.jpg,redmi,4.0,64.0
4,,,,"redmi 9 prime (sunrise flare, 4gb ram, 64gb storage)- full hd+ display & ai quad camera",10499,,https://m.media-amazon.com/images/I/71U2SiHgbiL._AC_UY218_.jpg,redmi,4.0,64.0
5,6000.0,48.0,,redmi 9 power (mighty black 4gb ram 64gb storage) - 6000mah battery |fhd+ screen | 48mp quad camera | alexa hands-free capable,11499,4.2,https://m.media-amazon.com/images/I/71hEzQGO5qL._AC_UY218_.jpg,redmi,4.0,64.0
6,,,heliog35,"redmi 9 (carbon black, 4gb ram, 64gb storage) | 2.3ghz mediatek helio g35 octa core processor",9499,4.2,https://m.media-amazon.com/images/I/716nHhG9SWL._AC_UY218_.jpg,redmi,4.0,64.0
7,,,heliog25,"redmi 9a (midnight black, 2gb ram, 32gb storage) | 2ghz octa-core helio g25 processor",6999,,https://m.media-amazon.com/images/I/71sxlhYhKWL._AC_UY218_.jpg,redmi,2.0,32.0
8,,,,"samsung galaxy m31 (ocean blue, 8gb ram, 128gb storage) 6 months free screen replacement for prime",16999,4.2,https://m.media-amazon.com/images/I/71-Su4Wr0HL._AC_UY218_.jpg,samsung,8.0,128.0
9,5000.0,,heliog25,redmi 9a (sea blue 2gb ram 32gb storage) | 2ghz octa-core helio g25 processor | 5000 mah battery,6999,4.2,https://m.media-amazon.com/images/I/71sxlhYhKWL._AC_UY218_.jpg,redmi,2.0,32.0
10,,,,"samsung galaxy m21 2021 edition (charcoal black , 6gb ram, 128gb storage) | fhd+ samoled | 6 months free screen replacement for prime",14999,4.2,https://m.media-amazon.com/images/I/712+A5mH44L._AC_UY218_.jpg,samsung,6.0,128.0
11,,,,"samsung galaxy a03s (white, 4gb ram, 64gb storage) with no cost emi/additional exchange offers",12499,4.0,https://m.media-amazon.com/images/I/91mQ+3YNRFL._AC_UY218_.jpg,samsung,4.0,64.0
12,6000.0,48.0,,"samsung galaxy m12 (blue,4gb ram, 64gb storage) 6000 mah with 8nm processor | true 48 mp quad camera | 90hz refresh rate",11499,4.1,https://m.media-amazon.com/images/I/71yYaNztZ0L._AC_UY218_.jpg,samsung,4.0,64.0
13,,,,"oppo a31 (mystery black, 6gb ram, 128gb storage) with no cost emi/additional exchange offers",12990,4.2,https://m.media-amazon.com/images/I/71KCwNV6MuL._AC_UY218_.jpg,oppo,6.0,128.0
14,,,,"realme c11 (2021) (cool grey, 2gb ram, 32gb storage) with no cost emi/additional exchange offers",7299,4.1,https://m.media-amazon.com/images/I/618UBhFmaQS._AC_UY218_.jpg,realme,2.0,32.0
15,,,,"realme c11 (2021) (cool blue, 2gb ram, 32gb storage) with no cost emi/additional exchange offers",7299,4.1,https://m.media-amazon.com/images/I/71FYSKYFupS._AC_UY218_.jpg,realme,2.0,32.0
16,,,,"oppo a31 (fantasy white, 6gb ram, 128gb storage) with no cost emi/additional exchange offers",12990,4.2,https://m.media-amazon.com/images/I/61CnyJ-IbML._AC_UY218_.jpg,oppo,6.0,128.0
17,6000.0,48.0,,"tecno spark 7t(jewel blue, 4gb ram, 64gb storage) 6000 mah battery| 48 mp ai dual rear camera",9499,4.0,https://m.media-amazon.com/images/I/81aWyRY67SS._AC_UY218_.jpg,tecno,4.0,64.0
18,4000.0,,,"panasonic eluga i7 (2gb ram, 16gb storage, finger print sensor, 4000mah battery) (black)",5789,,https://m.media-amazon.com/images/I/41QsvcpKaZL._AC_UY218_.jpg,panasonic,2.0,16.0
19,,,,"realme c11 (2021) (cool grey, 4gb ram+64gb storage) with no cost emi/additional exchange offers",8799,,https://m.media-amazon.com/images/I/61mMrj5F+HL._AC_UY218_.jpg,realme,4.0,64.0
20,,108.0,snapdragon888,"mi 11x pro 5g (lunar white, 8gb ram, 128gb storage) | snapdragon 888 | 108mp camera | 6 month free screen replacement for prime | additional 5000 off on exchange",39999,3.9,https://m.media-amazon.com/images/I/71+g+SNcILS._AC_UY218_.jpg,mi,8.0,128.0
21,,,,"samsung galaxy a22 (black, 6gb ram, 128gb storage) with no cost emi/additional exchange offers",18499,4.2,https://m.media-amazon.com/images/I/81Gc-sol2JS._AC_UY218_.jpg,samsung,6.0,128.0
22,,,a14bionic,new apple iphone 11 (64gb) - black,49900,,https://m.media-amazon.com/images/I/71i2XhHU3pL._AC_UY218_.jpg,apple,,
23,,,a14bionic,new apple iphone 12 mini (64gb) - white,57149,,https://m.media-amazon.com/images/I/71tT8J5cKuL._AC_UY218_.jpg,apple,,
24,,,,"oppo a31 (mystery black, 4gb ram, 64gb storage) with no cost emi/additional exchange offers",11490,4.2,https://m.media-amazon.com/images/I/71KCwNV6MuL._AC_UY218_.jpg,oppo,4.0,64.0
25,,,,xifo wiko p20 (2 gb 16 gb) 5.0 inch touchscreen smartphone (shiny black),3980,,https://m.media-amazon.com/images/I/71Dq74rDN9L._AC_UY218_.jpg,xifo,,
26,,,,"realme c11 (2021) (cool blue, 4gb ram+64gb storage) with no cost emi/additional exchange offers",8799,,https://m.media-amazon.com/images/I/31RDanklxiL._AC_UY218_.jpg,realme,4.0,64.0
27,,,,"vivo y33s (middday dream, 8gb ram, 128gb stoarge) with no cost emi/additional exchange offers",17990,,https://m.media-amazon.com/images/I/61LSu-Gto3L._AC_UY218_.jpg,vivo,8.0,128.0
28,7000.0,48.0,,"tecno pova 2 (energy blue, 4gb ram, 64gb storage)| 7000mah battery | 48mp camera | helio g85",10999,4.1,https://m.media-amazon.com/images/I/81JasJd-vRL._AC_UY218_.jpg,tecno,4.0,64.0
29,,,,"i kall k200 4g smartphone (2gb, 16gb), red",4199,,https://m.media-amazon.com/images/I/61pafKhXSRL._AC_UY218_.jpg,ikall,2.0,16.0
30,5000.0,,,"oppo a74 5g (fluid black,6gb ram,128gb storage) - 5g android smartphone | 5000 mah battery | 18w fast charge | 90hz lcd display",17990,4.2,https://m.media-amazon.com/images/I/71poFSdDs5S._AC_UY218_.jpg,oppo,6.0,128.0
31,,,,surya leeco letv x527 (3 gb 32 gb) 4g volte smartphone 5.5 inch display (starry rosegold),5489,,https://m.media-amazon.com/images/I/71vXEWpmlBL._AC_UY218_.jpg,surya,,
32,,,,"samsung galaxy m21 2021 edition (charcoal black , 4gb ram, 64gb storage) | fhd+ samoled | 6 months free screen replacement for prime",12999,4.2,https://m.media-amazon.com/images/I/712+A5mH44L._AC_UY218_.jpg,samsung,4.0,64.0
33,,108.0,snapdragon888,"mi 11x pro 5g (celestial silver, 8gb ram, 128gb storage) | snapdragon 888 | 108mp camera | 6 month free screen replacement for prime | additional 5000 off on exchange",39999,3.9,https://m.media-amazon.com/images/I/71YLjYRI7CS._AC_UY218_.jpg,mi,8.0,128.0
34,,,,xifo leeco letv x527 (3 gb 32 gb) 4g smartphone 5.5 inch display (shine gold),5489,,https://m.media-amazon.com/images/I/71oYXv6BNzL._AC_UY218_.jpg,xifo,,
35,,,,"i kall k500 smartphone (4gb, 64gb, dual sim) (blue)",5899,,https://m.media-amazon.com/images/I/61YPcCGyDYL._AC_UY218_.jpg,ikall,4.0,64.0
36,,,heliog25,"redmi 9a (nature green, 3gb ram, 32gb storage) | 2ghz octa-core helio g25 processor",7999,4.2,https://m.media-amazon.com/images/I/71sxlhYhKWL._AC_UY218_.jpg,redmi,3.0,32.0
37,,,,"nokia c01 plus 4g, android 11 (go edition), 5.45” hd+ screen, dual sim, 2gb ram/16gb storage | blue",5999,,https://m.media-amazon.com/images/I/61CXAHkNXCL._AC_UY218_.jpg,nokia,2.0,16.0
38,,,,"vivo y21 (diamond glow, 4gb ram, 64gb storage) with no cost emi/additional exchange offers",13990,4.1,https://m.media-amazon.com/images/I/51GkJLzb9NL._AC_UY218_.jpg,vivo,4.0,64.0
39,,,,"i kall k320 (blue, 4gb, 64gb)",6499,,https://m.media-amazon.com/images/I/51PsWtPk-KL._AC_UY218_.jpg,ikall,4.0,64.0
40,5000.0,16.0,,"tecno spark 8 (atlantic blue, 2 gb ram, 64gb storage) | 16mp dual ai camera | new metal coding design| 5000mah | 8mp selfie camera with dual flashlight",7999,,https://m.media-amazon.com/images/I/819Erp6DucL._AC_UY218_.jpg,tecno,2.0,64.0
41,,,,"samsung galaxy a03s (blue, 4gb ram, 64gb storage) with no cost emi/additional exchange offers",12499,4.0,https://m.media-amazon.com/images/I/91CNgv7nHHL._AC_UY218_.jpg,samsung,4.0,64.0
42,,,,"iqoo z3 5g (ace black, 6gb ram, 128gb storage) | india's first sd 768g 5g processor | 55w flashcharge | upto 9 months no cost emi | 6 months free screen replacement",19990,,https://m.media-amazon.com/images/I/61uIgwiP90S._AC_UY218_.jpg,iqoo,6.0,128.0
43,,,a14bionic,new apple iphone 11 (128gb) - black,54900,,https://m.media-amazon.com/images/I/71i2XhHU3pL._AC_UY218_.jpg,apple,,
44,,,a14bionic,new apple iphone 12 mini (128gb) - white,62149,,https://m.media-amazon.com/images/I/71tT8J5cKuL._AC_UY218_.jpg,apple,,
45,,,,jio phone black,1980,,https://m.media-amazon.com/images/I/51qfee2-1rL._AC_UY218_.jpg,jio,,
46,,,,"i kall k5 4g smartphone (blue, 2gb, 16gb)",4199,,https://m.media-amazon.com/images/I/51MWwWaLjnL._AC_UY218_.jpg,ikall,2.0,16.0
47,,,,"itel a47 (ice lake blue, 2gb ram, 32gb storage, 5.5'' hd+ ips display)",5499,3.9,https://m.media-amazon.com/images/I/71NR+gjWpmS._AC_UY218_.jpg,itel,2.0,32.0
48,,,,"oppo a31 (fantasy white, 4gb ram, 64gb storage) with no cost emi/additional exchange offers",11490,4.2,https://m.media-amazon.com/images/I/61CnyJ-IbML._AC_UY218_.jpg,oppo,4.0,64.0
49,5000.0,,heliog25,redmi 9a (sea blue 3gb ram 32gb storage)| 2ghz octa-core helio g25 processor | 5000 mah battery,7999,4.2,https://m.media-amazon.com/images/I/71sxlhYhKWL._AC_UY218_.jpg,redmi,3.0,32.0
50,,,,"vivo y12s (phantom black, 3gb, 32gb ) with no cost emi/additional exchange offers",10990,4.2,https://m.media-amazon.com/images/I/71UAi2jwsNL._AC_UY218_.jpg,vivo,3.0,32.0
51,,,,"micromax in 2b (green, 4gb ram, 64gb storage)",8990,,https://m.media-amazon.com/images/I/41cM1uH-s8L._AC_UY218_.jpg,micromax,4.0,64.0
52,,,,"vivo y33s (mirror black, 8gb ram, 128gb storage) with no cost emi/additional exchange offers",17990,,https://m.media-amazon.com/images/I/51xFckqp4yL._AC_UY218_.jpg,vivo,8.0,128.0
53,,,,"samsung galaxy m21 2021 edition (arctic blue, 6gb ram, 128gb storage) | fhd+ samoled | 6 months free screen replacement for prime",14999,4.2,https://m.media-amazon.com/images/I/811lrGbXwIL._AC_UY218_.jpg,samsung,6.0,128.0
54,,,,"samsung galaxy a03s (white, 3gb ram, 32gb storage) with no cost emi/additional exchange offers",11499,4.0,https://m.media-amazon.com/images/I/91mQ+3YNRFL._AC_UY218_.jpg,samsung,3.0,32.0
55,,,,"samsung galaxy m01 core (black, 2gb ram, 32gb storage) without offer",7199,,https://m.media-amazon.com/images/I/71AYb2AGHXL._AC_UY218_.jpg,samsung,2.0,32.0
56,,,,"i kall k200 4g smartphone (2gb, 16gb), blue",4199,,https://m.media-amazon.com/images/I/61Dm47uUt1L._AC_UY218_.jpg,ikall,2.0,16.0
57,5000.0,,,"oppo a74 5g (fantastic purple,6gb ram,128gb storage) - 5g android smartphone | 5000 mah battery | 18w fast charge | 90hz lcd display",17990,4.2,https://m.media-amazon.com/images/I/71geVdy6-OS._AC_UY218_.jpg,oppo,6.0,128.0
58,,,,"vivo y12s (glacier blue, 3gb, 32gb ) with no cost emi/additional exchange offers",10990,4.2,https://m.media-amazon.com/images/I/71MeL149KBL._AC_UY218_.jpg,vivo,3.0,32.0
59,,,,"samsung galaxy m21 2021 edition (arctic blue, 4gb ram, 64gb storage) | fhd+ samoled | 6 months free screen replacement for prime",12999,4.2,https://m.media-amazon.com/images/I/811lrGbXwIL._AC_UY218_.jpg,samsung,4.0,64.0
60,,,,"i kall k900 smartphone (5.5 inch, 4gb, 64gb) (ocean blue)",5699,,https://m.media-amazon.com/images/I/51tViE1NFwS._AC_UY218_.jpg,ikall,4.0,64.0
61,6000.0,48.0,,"tecno spark 7t(jewel blue, 4gb ram, 128gb storage) 6000 mah battery| 48 mp ai dual rear camera",10599,4.0,https://m.media-amazon.com/images/I/81aWyRY67SS._AC_UY218_.jpg,tecno,4.0,128.0
62,,,,"vivo y1s (olive black, 3gb ram, 32gb storage) with no cost emi/additional exchange offers",9490,4.1,https://m.media-amazon.com/images/I/51EHTQw3RxS._AC_UY218_.jpg,vivo,3.0,32.0
63,,108.0,snapdragon888,"mi 11x pro 5g (celestial silver, 8gb ram, 256gb storage) | snapdragon 888 | 108mp camera | additional 5000 off on exchange",41999,3.9,https://m.media-amazon.com/images/I/71Px952NO9S._AC_UY218_.jpg,mi,8.0,256.0
64,,,,"iqoo z3 5g (ace black, 8gb ram, 128gb storage) | india's first sd 768g 5g processor | 55w flashcharge | upto 9 months no cost emi | 6 months free screen replacement",20990,,https://m.media-amazon.com/images/I/61uIgwiP90S._AC_UY218_.jpg,iqoo,8.0,128.0
65,,,a14bionic,new apple iphone 11 (128gb) - yellow,54900,,https://m.media-amazon.com/images/I/714Mg+6MoFL._AC_UY218_.jpg,apple,,
66,,,,"samsung galaxy m21 2021 edition (arctic blue, 4gb ram, 64gb storage) | fhd+ samoled | 6 months free screen replacement for prime",12999,4.2,https://m.media-amazon.com/images/I/811lrGbXwIL._AC_UY218_.jpg,samsung,4.0,64.0
67,,,,"i kall k2 plus smartphone (4gb, 64gb) (sky blue)",5849,,https://m.media-amazon.com/images/I/61IunwQS1PL._AC_UY218_.jpg,ikall,4.0,64.0
68,,,,"samsung galaxy m12 (black,6gb ram, 128gb storage) 6 months free screen replacement for prime",13499,4.1,https://m.media-amazon.com/images/I/714QWDxXgNL._AC_UY218_.jpg,samsung,6.0,128.0
69,,48.0,,"nokia g20 smartphone, dual sim 4g, 4gb ram/64gb storage, 48mp quad camera with 6.5” (16.51 cm) screen | blue",12990,,https://m.media-amazon.com/images/I/61OiHUy-bfS._AC_UY218_.jpg,nokia,4.0,64.0
70,,,,"itel a47 (cosmic purple, 2gb ram, 32gb storage, 5.5'' hd+ ips display), l5505",5499,3.9,https://m.media-amazon.com/images/I/712ikfIoZrS._AC_UY218_.jpg,itel,2.0,32.0
71,,,,"redmi note 10t 5g (chromium white, 6gb ram, 128gb storage) | dual5g | 90hz adaptive refresh rate | mediatek dimensity 700 7nm processor",16999,,https://m.media-amazon.com/images/I/41hZ6iTHOKL._AC_UY218_.jpg,redmi,6.0,128.0
72,,,,"lava z4 (4gb ram, 64gb storage)- aqua blue, regular (lava z4 blue)",8799,4.0,https://m.media-amazon.com/images/I/71QrBUdO5rL._AC_UY218_.jpg,lava,4.0,64.0
73,,,,"redmi 9 prime (space blue, 4gb ram, 64gb storage)- full hd+ display & ai quad camera",10499,,https://m.media-amazon.com/images/I/71U2SiHgbiL._AC_UY218_.jpg,redmi,4.0,64.0
74,,,,"samsung galaxy a03s (black, 4gb ram, 64gb storage) with no cost emi/additional exchange offers",12499,4.0,https://m.media-amazon.com/images/I/91PCzkdmUwL._AC_UY218_.jpg,samsung,4.0,64.0
75,,48.0,,"nokia g20 smartphone, dual sim 4g, 4gb ram/64gb storage, 48mp quad camera with 6.5” (16.51 cm) screen | blue",12990,,https://m.media-amazon.com/images/I/61OiHUy-bfS._AC_UY218_.jpg,nokia,4.0,64.0
76,5000.0,,,"tecno spark go 2021 (galaxy blue 2gb ram, 32gb storage)|5000mah| 6.52"" display smartphone",7299,,https://m.media-amazon.com/images/I/71tFDYqv1zL._AC_UY218_.jpg,tecno,2.0,32.0
77,,,,"i kall z1 smartphone (4gb, 32gb, 4g volte, dual sim) (sky blue)",5499,,https://m.media-amazon.com/images/I/617bfk1NRtL._AC_UY218_.jpg,ikall,4.0,32.0
78,5000.0,,heliog25,redmi 9a(midnight black 3gb ram 32gb storage) | 2ghz octa-core helio g25 processor | 5000 mah battery,7999,4.2,https://m.media-amazon.com/images/I/71sxlhYhKWL._AC_UY218_.jpg,redmi,3.0,32.0
79,,,,xifo ismart i1 reno (2 gb 16 gb) 5.0 inch touchscreen smartphone (sun gold),3989,,https://m.media-amazon.com/images/I/71LWR3snhIS._AC_UY218_.jpg,xifo,,
80,,,,"i kall z3 smartphone (green, 4gb, 32gb, android 10)",5999,,https://m.media-amazon.com/images/I/51UrfC09i7L._AC_UY218_.jpg,ikall,4.0,32.0
81,,,,"i kall k260 smartphone (2gb, 16gb), blue",4699,,https://m.media-amazon.com/images/I/61ckwXXrBSL._AC_UY218_.jpg,ikall,2.0,16.0
82,,,,"realme c21y (cross blue, 4gb ram, 64gb storage), medium",10738,,https://m.media-amazon.com/images/I/41sY1XXz-NL._AC_UY218_.jpg,realme,4.0,64.0
83,,,,micromax x755 (blue),1232,,https://m.media-amazon.com/images/I/61yUK14DFfL._AC_UY218_.jpg,micromax,,
84,,,,"oppo a31 (mystery black, 6gb ram, 128gb storage) with no cost emi/additional exchange offers",12990,4.2,https://m.media-amazon.com/images/I/71KCwNV6MuL._AC_UY218_.jpg,oppo,6.0,128.0
85,,,,"iqoo z3 5g (cyber blue, 6gb ram, 128gb storage) | india's first sd 768g 5g processor | 55w flashcharge | upto 9 months no cost emi | 6 months free screen replacement",19990,,https://m.media-amazon.com/images/I/615CXlFtDDS._AC_UY218_.jpg,iqoo,6.0,128.0
86,,,a14bionic,new apple iphone 11 (64gb) - green,49900,,https://m.media-amazon.com/images/I/71w3oJ7aWyL._AC_UY218_.jpg,apple,,
87,,,,"samsung galaxy a03s (blue, 3gb ram, 32gb storage) with no cost emi/additional exchange offers",11499,4.0,https://m.media-amazon.com/images/I/91CNgv7nHHL._AC_UY218_.jpg,samsung,3.0,32.0
88,6000.0,16.0,,"tecno spark 7 (spruce green, 3gb ram, 64 gb storage) - 6000mah battery|16 mp dual camera| 6.52” dot notch display",8499,4.0,https://m.media-amazon.com/images/I/719b6ihbwZS._AC_UY218_.jpg,tecno,3.0,64.0
89,,,,lg w11 (black) 3gb + 32gb,7690,4.0,https://m.media-amazon.com/images/I/31rgA0K1zbS._AC_UY218_.jpg,lg,3.0,32.0
90,,,,"shivansh swipe elite sense mobile phones (2 gb ram, 16 gb storage)",4490,,https://m.media-amazon.com/images/I/413dgYXIUGL._AC_UY218_.jpg,shivansh,,
91,,,,"vivo y20g 2021 (purist blue, 4gb ram, 64gb storage) with no cost emi/additional exchange offers",13990,4.2,https://m.media-amazon.com/images/I/51fiZ7il7hS._AC_UY218_.jpg,vivo,4.0,64.0
92,,,,"panasonic eluga i6 (black, 2gb ram, 16gb storage) - 3 month no cost emi",5489,,https://m.media-amazon.com/images/I/615NcIueEhL._AC_UY218_.jpg,panasonic,2.0,16.0
93,,,,"samsung galaxy m12 (blue,6gb ram, 128gb storage) 6 months free screen replacement for prime",13499,4.1,https://m.media-amazon.com/images/I/71yYaNztZ0L._AC_UY218_.jpg,samsung,6.0,128.0
94,5000.0,,,"tecno spark go 2021 (maldives blue, 2gb ram, 32gb storage) | 5000mah| 6.52"" display smartphone",7299,,https://m.media-amazon.com/images/I/81bFh4o+crS._AC_UY218_.jpg,tecno,2.0,32.0
95,,,,"nokia c01 plus 4g, android 11 (go edition), 5.45” hd+ screen, dual sim, 2gb ram/16gb storage | grey",5999,,https://m.media-amazon.com/images/I/51zPkPkfKiL._AC_UY218_.jpg,nokia,2.0,16.0
96,,48.0,,"nokia g20 smartphone, dual sim 4g, 4gb ram/64gb storage, 48mp quad camera with 6.5” (16.51 cm) screen | silver",12990,,https://m.media-amazon.com/images/I/61NoYt2pvpS._AC_UY218_.jpg,nokia,4.0,64.0
97,,,,"oppo a31 (fantasy white, 6gb ram, 128gb storage) with no cost emi/additional exchange offers",12990,4.2,https://m.media-amazon.com/images/I/61CnyJ-IbML._AC_UY218_.jpg,oppo,6.0,128.0
98,6000.0,48.0,,"redmi 9 power (mighty black, 6gb ram, 128gb storage) - 6000mah battery |fhd+ screen| 48mp quad camera | snapdragon 662 processor | alexa hands-free capable",13499,4.2,https://m.media-amazon.com/images/I/61LHaUOhehL._AC_UY218_.jpg,redmi,6.0,128.0
99,,,,"lava beu rose pink, 2gb ram, 32gb storage",6388,3.8,https://m.media-amazon.com/images/I/81DCcsF+nZL._AC_UY218_.jpg,lava,2.0,32.0
100,6000.0,48.0,,"samsung galaxy m12 (white,4gb ram, 64gb storage) 6000 mah with 8nm processor | true 48 mp quad camera | 90hz refresh rate",11499,4.1,https://m.media-amazon.com/images/I/71PVpFc7FwL._AC_UY218_.jpg,samsung,4.0,64.0
101,,,,"samsung galaxy m02 (red,2gb ram, 32gb storage)",7999,3.9,https://m.media-amazon.com/images/I/71RIdIqDkjL._AC_UY218_.jpg,samsung,2.0,32.0
102,,,,"samsung galaxy a12 (black,4gb ram, 64gb storage) without offers",12132,3.8,https://m.media-amazon.com/images/I/91dUPqvXhbL._AC_UY218_.jpg,samsung,4.0,64.0
103,,,,"realme c21y (cross black, 4gb ram, 64gb storage), medium",10728,4.0,https://m.media-amazon.com/images/I/31CGdciadvL._AC_UY218_.jpg,realme,4.0,64.0
104,,,,"vivo y21 (midnight blue, 4gb ram, 64gb storage) with no cost emi/additional exchange offers",13990,4.1,https://m.media-amazon.com/images/I/61gRGQe8jjL._AC_UY218_.jpg,vivo,4.0,64.0
105,5000.0,,,"oppo f19 (prism black, 6gb ram, 128gb storage) - 6.43"" inch amoled punch-hole display | in-display fingerprint 3.0 | 5000 mah battery | 33w flash charging",19990,4.1,https://m.media-amazon.com/images/I/71crCF+ogwL._AC_UY218_.jpg,oppo,6.0,128.0
106,,,,"iqoo z3 5g (cyber blue, 8gb ram, 128gb storage) | india's first sd 768g 5g processor | 55w flashcharge | upto 9 months no cost emi | 6 months free screen replacement",20990,,https://m.media-amazon.com/images/I/615CXlFtDDS._AC_UY218_.jpg,iqoo,8.0,128.0
107,,,a14bionic,new apple iphone 11 (64gb) - purple,49900,,https://m.media-amazon.com/images/I/71tpxtLD0aL._AC_UY218_.jpg,apple,,
108,5000.0,,,"oppo f19 (midnight blue, 6gb ram, 128gb storage) - 6.43"" inch amoled punch-hole display | in-display fingerprint 3.0 | 5000 mah battery | 33w flash charging",19990,4.1,https://m.media-amazon.com/images/I/71OhksMR6iL._AC_UY218_.jpg,oppo,6.0,128.0
109,6000.0,16.0,,"tecno spark 7 (magnet black, 3gb ram, 64 gb storage) - 6000mah battery|16 mp dual camera| 6.52” dot notch display",8499,4.0,https://m.media-amazon.com/images/I/712hJ5hz7NS._AC_UY218_.jpg,tecno,3.0,64.0
110,,,,"micromax dual sim x749, champagne",1390,3.8,https://m.media-amazon.com/images/I/71RynmweJoL._AC_UY218_.jpg,micromax,,
111,,,,"i kall k2 plus smartphone (4gb, 64gb) (ocean blue)",5849,,https://m.media-amazon.com/images/I/61dQbLY31oL._AC_UY218_.jpg,ikall,4.0,64.0
112,,,,"oneplus nord 2 5g (gray sierra, 8gb ram, 128gb storage)",29999,,https://m.media-amazon.com/images/I/71KVeQql77S._AC_UY218_.jpg,oneplus,8.0,128.0
113,,,,"vivo y20a 2021 (nebula blue, 3gb ram, 64gb storage) with no cost emi/additional exchange offers",11990,4.2,https://m.media-amazon.com/images/I/719ds5R-UbL._AC_UY218_.jpg,vivo,3.0,64.0
114,,,,"(renewed) oppo reno6 5g (aurora, 8gb ram, 128gb storage)",25999,,https://m.media-amazon.com/images/I/31764EhC7gL._AC_UY218_.jpg,(renewed),8.0,128.0
115,,,,"vivo y12g (phantom black 3gb ram, 64gb stoarge) with no cost emi/additional exchange offers",11990,4.0,https://m.media-amazon.com/images/I/51Uji5yJVoL._AC_UY218_.jpg,vivo,3.0,64.0
116,,,,"i kall z3 smartphone (4gb, 32gb), purple",5999,,https://m.media-amazon.com/images/I/41U45kodz7L._AC_UY218_.jpg,ikall,4.0,32.0
117,,,,"i kall z1 smartphone (4gb, 32gb, 4g volte, dual sim) (sky blue)",5499,,https://m.media-amazon.com/images/I/617bfk1NRtL._AC_UY218_.jpg,ikall,4.0,32.0
118,,,,"oppo f17 pro (metallic white, 8gb ram, 128gb storage) with no cost emi/additional exchange offers",17990,4.2,https://m.media-amazon.com/images/I/61lKU7ZIOQL._AC_UY218_.jpg,oppo,8.0,128.0
119,,,,"vivo y1s (aurora blue, 3gb ram, 32gb storage) with no cost emi/additional exchange offers",9490,4.1,https://m.media-amazon.com/images/I/51dPne4jLcS._AC_UY218_.jpg,vivo,3.0,32.0
120,6000.0,16.0,,"tecno spark 7 (spruce green, 2gb ram, 32 gb storage) - 6000mah battery|16 mp dual camera| 6.52” dot notch display",7699,4.0,https://m.media-amazon.com/images/I/719b6ihbwZS._AC_UY218_.jpg,tecno,2.0,32.0
121,,,,"samsung galaxy m12 (white,6gb ram, 128gb storage) 6 months free screen replacement for prime",13499,4.1,https://m.media-amazon.com/images/I/71PVpFc7FwL._AC_UY218_.jpg,samsung,6.0,128.0
122,,,,"redmi 9 prime (mint green, 4gb ram, 64gb storage)- full hd+ display & ai quad camera",10499,,https://m.media-amazon.com/images/I/71U2SiHgbiL._AC_UY218_.jpg,redmi,4.0,64.0
123,,,,"i kall k260 smartphone (5.5 inch, 2gb, 16gb, 4g volte) (blue)",4699,,https://m.media-amazon.com/images/I/41biua0C5AL._AC_UY218_.jpg,ikall,2.0,16.0
124,,,,"i kall k260 smartphone (5.5 inch, 2gb, 16gb, 4g volte) (green)",4699,,https://m.media-amazon.com/images/I/41XFboa9DoL._AC_UY218_.jpg,ikall,2.0,16.0
125,,,,"samsung galaxy a03s (black, 3gb ram, 32gb storage) with no cost emi/additional exchange offers",11499,4.0,https://m.media-amazon.com/images/I/91PCzkdmUwL._AC_UY218_.jpg,samsung,3.0,32.0
126,5000.0,,,"oppo a74 5g (fluid black,6gb ram,128gb storage) - 5g android smartphone | 5000 mah battery | 18w fast charge | 90hz lcd display",17990,4.2,https://m.media-amazon.com/images/I/71poFSdDs5S._AC_UY218_.jpg,oppo,6.0,128.0
127,,,a14bionic,new apple iphone 11 (128gb) - white,54900,,https://m.media-amazon.com/images/I/71QE00iB9IL._AC_UY218_.jpg,apple,,
128,,,,"i kall z3 smartphone (4gb, 32gb), green",5999,,https://m.media-amazon.com/images/I/41MsPvUW4hL._AC_UY218_.jpg,ikall,4.0,32.0
129,,,,"vivo y12g (glacier blue 3gb ram, 32gb storage) with no cost emi/additional exchange offers",10990,4.0,https://m.media-amazon.com/images/I/51fwYUcJotL._AC_UY218_.jpg,vivo,3.0,32.0
130,,,,lenovo vibe k5 (silver),5499,3.8,https://m.media-amazon.com/images/I/71cMbp0rHcL._AC_UY218_.jpg,lenovo,,
131,,,,"micromax x754 gunmetal grey, small",1295,3.8,https://m.media-amazon.com/images/I/31LYnToY0SL._AC_UY218_.jpg,micromax,,
132,,,,"shivansh micromax canvas doodle 3 a102 (blue, 8 gb) (1 gb ram)",3390,,https://m.media-amazon.com/images/I/41jzFruWouL._AC_UY218_.jpg,shivansh,,
133,,,,"infinix hot10 play (black, 4gb ram, 64gb storage)",10399,4.0,https://m.media-amazon.com/images/I/317LZCspTuL._AC_UY218_.jpg,infinix,4.0,64.0
134,7000.0,48.0,,"tecno pova 2 (polar silver, 4gb ram, 64gb storage)| 7000mah battery | 48mp camera | helio g85",10999,4.1,https://m.media-amazon.com/images/I/816bhvKRcfL._AC_UY218_.jpg,tecno,4.0,64.0
135,6000.0,16.0,,"tecno spark 7 (morpheus blue, 2gb ram, 32 gb storage) - 6000mah battery|16 mp dual camera| 6.52” dot notch display",7696,4.0,https://m.media-amazon.com/images/I/71qdbEfle6S._AC_UY218_.jpg,tecno,2.0,32.0
136,6000.0,48.0,,"tecno spark 7t(magnet black, 4gb ram,64gb storage) 6000 mah battery| 48 mp ai dual rear camera",9499,4.0,https://m.media-amazon.com/images/I/81EHVlbWOaS._AC_UY218_.jpg,tecno,4.0,64.0
137,,,,"i kall k500 smartphone (4gb, 64gb, dual sim) (blue)",5899,,https://m.media-amazon.com/images/I/61YPcCGyDYL._AC_UY218_.jpg,ikall,4.0,64.0
138,,,,"oppo a12 (deep blue, 4gb ram, 64gb storage) with no cost emi/additional exchange offers",10890,4.1,https://m.media-amazon.com/images/I/61EmQqhORpL._AC_UY218_.jpg,oppo,4.0,64.0
139,,108.0,,"mi 10i 5g (midnight black, 6gb ram, 128gb storage) - 108mp quad camera | snapdragon 750g processor",21999,4.2,https://m.media-amazon.com/images/I/71+KJpeI2rL._AC_UY218_.jpg,mi,6.0,128.0
140,,,heliog95,"realme narzo 30 (racing sliver, 4gb ram, 64gb storage) - mediatek helio g95 processor i full hd+ display with no cost emi/additional exchange offers",13499,4.1,https://m.media-amazon.com/images/I/71YjsF1aQjL._AC_UY218_.jpg,realme,4.0,64.0
141,,,,"oneplus nord 2 5g (blue haze, 8gb ram, 128gb storage)",29999,,https://m.media-amazon.com/images/I/61TnX0PmqES._AC_UY218_.jpg,oneplus,8.0,128.0
142,,,,"iqoo z3 5g (cyber blue, 8gb ram, 128gb storage) | india's first sd 768g 5g processor | 55w flashcharge | upto 9 months no cost emi | 6 months free screen replacement",20990,,https://m.media-amazon.com/images/I/615CXlFtDDS._AC_UY218_.jpg,iqoo,8.0,128.0
143,4000.0,,,"(renewed) panasonic eluga i7 (2gb ram, 16gb storage, finger print sensor, 4000mah long battery, camera led flash) (black)",5399,,https://m.media-amazon.com/images/I/419tymRBxOL._AC_UY218_.jpg,(renewed),2.0,16.0
144,,,,"realme 8i (space purple, 4gb ram, 64gb storage)",15999,,https://m.media-amazon.com/images/I/41cQXCfjSkL._AC_UY218_.jpg,realme,4.0,64.0
145,,,,"samsung galaxy m21 2021 edition (arctic blue, 6gb ram, 128gb storage) | fhd+ samoled | 6 months free screen replacement for prime",14999,4.2,https://m.media-amazon.com/images/I/811lrGbXwIL._AC_UY218_.jpg,samsung,6.0,128.0
146,,,,"vivo y20g (purist blue, 6gb ram, 128gb)",15990,4.1,https://m.media-amazon.com/images/I/51YRlT-paHL._AC_UY218_.jpg,vivo,6.0,128.0
147,,,,"i kall k5 4g smartphone (blue, 2gb, 16gb)",4199,,https://m.media-amazon.com/images/I/51MWwWaLjnL._AC_UY218_.jpg,ikall,2.0,16.0
148,,,,"oppo a54 (moonlight gold, 4gb ram, 128gb storage) with no cost emi/additional exchange offers, large",15990,4.2,https://m.media-amazon.com/images/I/61O5zV2kwkS._AC_UY218_.jpg,oppo,4.0,128.0
149,,,a14bionic,"apple iphone 11 (64gb) - black (includes earpods, power adapter)",49900,,https://m.media-amazon.com/images/I/51kGDXeFZKL._AC_UY218_.jpg,apple,,
150,,,,"i kall k500 smartphone (4gb, 64gb, dual sim) (red)",5899,,https://m.media-amazon.com/images/I/61ELq2UDNdL._AC_UY218_.jpg,ikall,4.0,64.0
151,,,,"vivo y51a (crystal symphony, 6gb ram, 128gb storage) with no cost emi/additional exchange offers",16990,4.1,https://m.media-amazon.com/images/I/71BuinnSYaS._AC_UY218_.jpg,vivo,6.0,128.0
152,,,,"lava a1 super 21-dual sim |loud sound| number talker| vibration support| auto call recoding with 4 day battery backup, blue silver",936,,https://m.media-amazon.com/images/I/51ryWz45nIL._AC_UY218_.jpg,lava,,
153,,,,"itel a23 pro jio (lake blue, 1gb ram, 8 gb storage, 5'' bright display) (l5006c)",3988,,https://m.media-amazon.com/images/I/81-dPr1Dz7L._AC_UY218_.jpg,itel,1.0,
154,,,,"samsung galaxy m32 (light blue, 6gb ram, 128gb storage) 6 months free screen replacement for prime",16999,4.2,https://m.media-amazon.com/images/I/71F4jU7MRUS._AC_UY218_.jpg,samsung,6.0,128.0
155,1750.0,,,"micromax x741 (grey ultra bright led light, 1750mah)",1729,3.8,https://m.media-amazon.com/images/I/81f6ZhzM7+L._AC_UY218_.jpg,micromax,,
156,6000.0,48.0,,"(renewed) tecno spark 7t(magnet black, 4gb ram, 128gb storage) 6000 mah battery| 48 mp ai dual rear camera, 6.52 handy size",8499,,https://m.media-amazon.com/images/I/81q2E4iRkbS._AC_UY218_.jpg,(renewed),4.0,128.0
157,1000.0,,,"itel ace(4.5cm, 1000mah, light blue)",775,3.8,https://m.media-amazon.com/images/I/71OyrZL8CrL._AC_UY218_.jpg,itel,,
158,4000.0,,,"(renewed) panasonic eluga i7 (2gb ram, 16gb storage, finger print sensor, 4000mah long battery, camera led flash) (black)",5399,,https://m.media-amazon.com/images/I/419tymRBxOL._AC_UY218_.jpg,(renewed),2.0,16.0
159,,,,"i kall z6 4g dual sim smartphone (blue, 6.26 inch, 4gb, 64gb)",7299,,https://m.media-amazon.com/images/I/51PzgEfqRAL._AC_UY218_.jpg,ikall,4.0,64.0
160,,,,"i kall k900 smartphone (5.5 inch, 4gb, 64gb) (sky blue)",5699,,https://m.media-amazon.com/images/I/61GgBPtMTgS._AC_UY218_.jpg,ikall,4.0,64.0
161,,,,"i kall k260 smartphone (2gb, 16gb), green",4699,,https://m.media-amazon.com/images/I/61WSWSUq6xL._AC_UY218_.jpg,ikall,2.0,16.0
162,,,,"iqoo z3 5g (cyber blue, 8gb ram, 256gb storage) | india's first sd 768g 5g processor | 55w flashcharge | upto 9 months no cost emi | 6 months free screen replacement",22990,,https://m.media-amazon.com/images/I/615CXlFtDDS._AC_UY218_.jpg,iqoo,8.0,256.0
163,,,,"i kall k900 smartphone (5.5 inch, 4gb, 64gb) (sky blue)",5699,,https://m.media-amazon.com/images/I/61GgBPtMTgS._AC_UY218_.jpg,ikall,4.0,64.0
164,,48.0,,"redmi note 10 (aqua green, 4gb ram, 64gb storage) -amoled dot display | 48mp sony sensor imx582 | snapdragon 678 processor",13999,4.2,https://m.media-amazon.com/images/I/810GQ7CWdDL._AC_UY218_.jpg,redmi,4.0,64.0
165,,48.0,,"nokia g20 smartphone, dual sim 4g, 4gb ram/64gb storage, 48mp quad camera with 6.5” (16.51 cm) screen | silver",12990,,https://m.media-amazon.com/images/I/61NoYt2pvpS._AC_UY218_.jpg,nokia,4.0,64.0
166,,,,"samsung galaxy m21 2021 edition (charcoal black , 4gb ram, 64gb storage) | fhd+ samoled | 6 months free screen replacement for prime",12999,4.2,https://m.media-amazon.com/images/I/712+A5mH44L._AC_UY218_.jpg,samsung,4.0,64.0
167,,,,"oppo f17 (dynamic orange, 6gb ram, 128gb storage) with no cost emi/additional exchange offers",16837,4.2,https://m.media-amazon.com/images/I/81-xJ79cnjL._AC_UY218_.jpg,oppo,6.0,128.0
168,,,heliog95,"realme narzo 30 (racing blue, 4gb ram, 64gb storage) - mediatek helio g95 processor i full hd+ display with no cost emi/additional exchange offers",13499,4.1,https://m.media-amazon.com/images/I/71AwWtT5AUL._AC_UY218_.jpg,realme,4.0,64.0
169,800.0,,,"mantr k33 card phone with dual sim, 1.44 inch, fm recording, 800 mah removable battery, bluetooth dialer, vibration, camera with flashlight, bis certified & 1 year (black)",1090,,https://m.media-amazon.com/images/I/61rbQZD7luL._AC_UY218_.jpg,mantr,,
170,,,,"i kall k200 4g smartphone (2gb, 16gb), red",4199,,https://m.media-amazon.com/images/I/61pafKhXSRL._AC_UY218_.jpg,ikall,2.0,16.0
171,,,a14bionic,new apple iphone 11 (64gb) - yellow,49900,,https://m.media-amazon.com/images/I/714Mg+6MoFL._AC_UY218_.jpg,apple,,
172,,,,"i kall k900 smartphone (5.5 inch, 4gb, 64gb) (ocean blue)",5699,,https://m.media-amazon.com/images/I/51tViE1NFwS._AC_UY218_.jpg,ikall,4.0,64.0
173,,,,"samsung galaxy m21 2021 edition (charcoal black , 6gb ram, 128gb storage) | fhd+ samoled | 6 months free screen replacement for prime",14999,4.2,https://m.media-amazon.com/images/I/712+A5mH44L._AC_UY218_.jpg,samsung,6.0,128.0
174,,,,"samsung galaxy m32 (black, 6gb ram, 128gb storage) 6 months free screen replacement for prime",16999,4.2,https://m.media-amazon.com/images/I/71Q3iSQAwAS._AC_UY218_.jpg,samsung,6.0,128.0
175,,,,"oppo a11k (flowing silver, 2gb ram, 32gb storage) with no cost emi/additional exchange offers",8990,4.0,https://m.media-amazon.com/images/I/71EOR9S6maL._AC_UY218_.jpg,oppo,2.0,32.0
176,6000.0,48.0,,"redmi 9 power (electric green, 6gb ram, 128gb storage) - 6000mah battery|fhd+ screen | 48mp quad camera | snapdragon 662 processor | alexa hands-free capable",13499,4.2,https://m.media-amazon.com/images/I/61EIaUqatTL._AC_UY218_.jpg,redmi,6.0,128.0
177,,,,"iqoo z3 5g (cyber blue, 6gb ram, 128gb storage) | india's first sd 768g 5g processor | 55w flashcharge | upto 9 months no cost emi | 6 months free screen replacement",19990,,https://m.media-amazon.com/images/I/615CXlFtDDS._AC_UY218_.jpg,iqoo,6.0,128.0
178,,,,"vivo y21 (midnight blue, 4gb ram, 128gb storage) with no cost emi/additional exchange offers",15490,4.1,https://m.media-amazon.com/images/I/61gRGQe8jjL._AC_UY218_.jpg,vivo,4.0,128.0
179,,108.0,,"mi 10i 5g (atlantic blue, 6gb ram, 128gb storage) - 108mp quad camera | snapdragon 750g processor",21999,4.2,https://m.media-amazon.com/images/I/71w4n2itCNL._AC_UY218_.jpg,mi,6.0,128.0
180,,,,"i kall k800 4g smartphone (blue, 2gb, 16gb)",4799,,https://m.media-amazon.com/images/I/61-EnfCExlL._AC_UY218_.jpg,ikall,2.0,16.0
181,,,,nillkin back cover for redmi note 8 ( plastic|black ),398,,https://m.media-amazon.com/images/I/41rGPNorOtL._AC_UY218_.jpg,nillkin,,
182,,,,"i kall k800 smartphone (2gb, 16gb, dual sim, 4g volte) (gold)",4799,,https://m.media-amazon.com/images/I/61GnPzxsd9L._AC_UY218_.jpg,ikall,2.0,16.0
183,,,,"iqoo z3 5g (ace black, 8gb ram, 128gb storage) | india's first sd 768g 5g processor | 55w flashcharge | upto 9 months no cost emi | 6 months free screen replacement",20990,,https://m.media-amazon.com/images/I/61uIgwiP90S._AC_UY218_.jpg,iqoo,8.0,128.0
184,,,,"realme c11 2021 (cool grey, 4gb ram, 64gb storage)",9799,,https://m.media-amazon.com/images/I/31ldvCw3uwL._AC_UY218_.jpg,realme,4.0,64.0
185,,,heliog95,"realme narzo 30 (racing blue, 6gb ram, 128gb storage) - mediatek helio g95 processor i full hd+ display with no cost emi/additional exchange offers",15499,4.1,https://m.media-amazon.com/images/I/71AwWtT5AUL._AC_UY218_.jpg,realme,6.0,128.0
186,,,,"realme narzo 30 5g (racing blue, 6gb ram, 128gb storage) - mediatek dimensity 700 processor i full hd+ display with no cost emi/additional exchange offers",16999,4.1,https://m.media-amazon.com/images/I/719tm7l723L._AC_UY218_.jpg,realme,6.0,128.0
187,,64.0,,"redmi note 10s (frost white, 6gb ram, 64gb storage) - super amoled display | 64 mp quad camera | alexa built in",14999,4.1,https://m.media-amazon.com/images/I/81SJHWh-dfL._AC_UY218_.jpg,redmi,6.0,64.0
188,,,heliog35,"redmi 9 (sporty orange, 4gb ram, 64gb storage) | 2.3ghz mediatek helio g35 octa core processor",9499,4.2,https://m.media-amazon.com/images/I/71A9Vo1BatL._AC_UY218_.jpg,redmi,4.0,64.0
189,,,,lava a1(candy blue) -dual sim |call blink notfication |auto call recoding |military grade certified with 4 day battery backup,1120,,https://m.media-amazon.com/images/I/71llUMCdfZL._AC_UY218_.jpg,lava,,
190,,,,"vivo y73 (diamond flare, 8gb ram, 128gb storage) with no cost emi/additional exchange offers",20990,,https://m.media-amazon.com/images/I/511oJE35CxS._AC_UY218_.jpg,vivo,8.0,128.0
191,,,,"i kall k260 smartphone (2gb, 16gb), purple",4699,,https://m.media-amazon.com/images/I/61zLBhi0ncL._AC_UY218_.jpg,ikall,2.0,16.0
192,,,,"i kall k525 smartphone (grey, 4gb, 64gb, dual 4g+4g)",7299,,https://m.media-amazon.com/images/I/515lw9ipDBL._AC_UY218_.jpg,ikall,4.0,64.0
193,,,a14bionic,new apple iphone 11 (128gb) - purple,54900,,https://m.media-amazon.com/images/I/71tpxtLD0aL._AC_UY218_.jpg,apple,,
194,,,,"i kall k260 smartphone (5.5 inch, 2gb, 16gb, dual sim, 4g volte), purple",4699,,https://m.media-amazon.com/images/I/61zLBhi0ncL._AC_UY218_.jpg,ikall,2.0,16.0
195,,,,"i kall z3 smartphone (purple, 4gb, 32gb, android 10)",5999,,https://m.media-amazon.com/images/I/51ilFYmP7JL._AC_UY218_.jpg,ikall,4.0,32.0
196,,,,"i kall k200 smartphone (2gb, 16gb, 4g volte) (red)",4299,,https://m.media-amazon.com/images/I/61pafKhXSRL._AC_UY218_.jpg,ikall,2.0,16.0
197,,,,"i kall k525 smartphone (blue, 4gb, 64gb, dual 4g+4g)",7299,,https://m.media-amazon.com/images/I/51uzr7kRVVL._AC_UY218_.jpg,ikall,4.0,64.0
198,,,,"itel it2192t(4.5cm, thermo edition, deep blue)",949,3.8,https://m.media-amazon.com/images/I/71z-900CouL._AC_UY218_.jpg,itel,,
199,,,,"oppo a15 (rainbow silver, 2gb ram, 32gb storage) with no cost emi/additional exchange offers",9490,4.2,https://m.media-amazon.com/images/I/61P8SvA8-aS._AC_UY218_.jpg,oppo,2.0,32.0
200,,,,"nokia 3.4 (charcoal , 4gb ram, 64gb storage) with no cost emi/additional exchange offers",10999,3.9,https://m.media-amazon.com/images/I/61hB7i2DHFL._AC_UY218_.jpg,nokia,4.0,64.0
201,,,,"vivo y53s (fantastic rainbow, 8gb ram, 128gb storage) with no cost emi/additional exchange offers",19490,4.0,https://m.media-amazon.com/images/I/61HxPIB0ZcL._AC_UY218_.jpg,vivo,8.0,128.0
202,,,,"lava z6 aqua blue, 6gb ram, 64gb storage, regular",9699,4.1,https://m.media-amazon.com/images/I/71QGVjsVNRL._AC_UY218_.jpg,lava,6.0,64.0
203,,,,"i kall k200 4g smartphone (2gb, 16gb), blue",4199,,https://m.media-amazon.com/images/I/61Dm47uUt1L._AC_UY218_.jpg,ikall,2.0,16.0
204,,,,"i kall k320 (purple, 4gb, 64gb)",6499,,https://m.media-amazon.com/images/I/51O57jTwt8L._AC_UY218_.jpg,ikall,4.0,64.0
205,6000.0,48.0,,"redmi 9 power (fiery red, 4gb ram, 64gb storage) - 6000mah battery |fhd+ screen| 48mp quad camera | alexa hands-free capable",11499,4.2,https://m.media-amazon.com/images/I/71hEzQGO5qL._AC_UY218_.jpg,redmi,4.0,64.0
206,,,,"samsung galaxy a22 (mint, 6gb ram, 128gb storage) with no cost emi/additional exchange offers",18499,4.2,https://m.media-amazon.com/images/I/81fE7-vbLhS._AC_UY218_.jpg,samsung,6.0,128.0
207,,,,"samsung galaxy m51 (electric blue, 6gb ram, 128gb storage) 6 months free screen replacement for prime",19999,,https://m.media-amazon.com/images/I/710weRkP-nL._AC_UY218_.jpg,samsung,6.0,128.0
208,,,,"oneplus nord ce 5g (charcoal ink, 8gb ram, 128gb storage)",24999,4.1,https://m.media-amazon.com/images/I/71LRBr1aLNS._AC_UY218_.jpg,oneplus,8.0,128.0
209,,64.0,,"tecno camon 17 (frost silver, 6gb ram, 128gb storage)| 64mp quad camera | professional video| 6.8"" fhd",13999,3.8,https://m.media-amazon.com/images/I/81rOhd8UU4L._AC_UY218_.jpg,tecno,6.0,128.0
210,,,,"realme narzo 30 5g (racing sliver, 6gb ram, 128gb storage) -mediatek dimensity 700 processor i full hd+ display with no cost emi/additional exchange offers",16999,4.1,https://m.media-amazon.com/images/I/71S0OQ4M27L._AC_UY218_.jpg,realme,6.0,128.0
211,,,,"samsung galaxy m32 5g (sky blue, 8gb ram, 128gb storage)",22999,4.1,https://m.media-amazon.com/images/I/71os5DRhuSL._AC_UY218_.jpg,samsung,8.0,128.0
212,,,,"oppo a31 (lake green, 4gb ram, 64gb storage) with no cost emi/additional exchange offers",11490,4.2,https://m.media-amazon.com/images/I/71AHtKejSlL._AC_UY218_.jpg,oppo,4.0,64.0
213,,,,"i kall k800 smartphone (2gb, 16gb, dual sim, 4g volte) (red)",4799,,https://m.media-amazon.com/images/I/61bpA54n8rL._AC_UY218_.jpg,ikall,2.0,16.0
214,,,,"i kall k525 smartphone (blue, 4gb, 64gb, dual 4g+4g)",7299,,https://m.media-amazon.com/images/I/51uzr7kRVVL._AC_UY218_.jpg,ikall,4.0,64.0
215,,,a14bionic,new apple iphone 11 (128gb) - (product) red,54900,,https://m.media-amazon.com/images/I/71hh7cpWadL._AC_UY218_.jpg,apple,,
216,,,,"i kall k260 smartphone (5.5 inch, 2gb, 16gb, dual sim, 4g volte), green",4699,,https://m.media-amazon.com/images/I/61WSWSUq6xL._AC_UY218_.jpg,ikall,2.0,16.0
217,,108.0,,"redmi note 10 pro max (dark night, 6gb ram, 128gb storage) -108mp quad camera | 120hz super amoled display",19999,4.1,https://m.media-amazon.com/images/I/81Vpy0XrvFL._AC_UY218_.jpg,redmi,6.0,128.0
218,,,,"samsung galaxy a12 (blue, 4gb ram, 64gb storage) without offers",12999,4.0,https://m.media-amazon.com/images/I/91te-9mP2JL._AC_UY218_.jpg,samsung,4.0,64.0
219,,64.0,,"tecno camon 17 (magnet black, 6gb ram, 128gb storage)| 64mp quad camera | professional video| 6.8"" fhd",13999,3.8,https://m.media-amazon.com/images/I/81bNGXJTHoL._AC_UY218_.jpg,tecno,6.0,128.0
220,,,,"oppo a15s (dynamic black, 4gb ram, 64gb storage) with no cost emi/additional exchange offers",12990,4.2,https://m.media-amazon.com/images/I/7136zgtNmJL._AC_UY218_.jpg,oppo,4.0,64.0
221,,,,"i kall k260 smartphone (2gb, 16gb), purple",4699,,https://m.media-amazon.com/images/I/61zLBhi0ncL._AC_UY218_.jpg,ikall,2.0,16.0
222,,,,"i kall k200 4g smartphone (2gb, 16gb), gold",4199,,https://m.media-amazon.com/images/I/61QgIeg+qML._AC_UY218_.jpg,ikall,2.0,16.0
223,,,,"realme c11 2021 (cool blue, 4gb ram, 64gb storage)",9799,,https://m.media-amazon.com/images/I/31RDanklxiL._AC_UY218_.jpg,realme,4.0,64.0
224,,,,"redmi 9 prime (matte black, 4gb ram, 64gb storage) - full hd+ display & ai quad camera",10499,,https://m.media-amazon.com/images/I/71U2SiHgbiL._AC_UY218_.jpg,redmi,4.0,64.0
225,,,,"i kall k200 4g smartphone (2gb, 16gb), gold",4199,,https://m.media-amazon.com/images/I/61QgIeg+qML._AC_UY218_.jpg,ikall,2.0,16.0
226,,,,"i kall k800 smartphone (2gb, 16gb, dual sim, 4g volte) (blue)",4799,,https://m.media-amazon.com/images/I/61I1k7cYyrL._AC_UY218_.jpg,ikall,2.0,16.0
227,7000.0,48.0,,"tecno pova 2 (dazzle black, 6gb ram, 128gb storage)| 7000mah battery | 48mp camera | helio g85",13499,4.1,https://m.media-amazon.com/images/I/81HgOyJnFFL._AC_UY218_.jpg,tecno,6.0,128.0
228,,,,"lava a1 josh 21-dual sim |call blink notfication |auto call recoding |military grade certified with 4 day battery backup, blue silver",1055,4.0,https://m.media-amazon.com/images/I/716oD06jiUL._AC_UY218_.jpg,lava,,
229,,64.0,,"redmi note 10s (shadow black, 6gb ram, 64gb storage) - super amoled display | 64 mp quad camera",14999,4.1,https://m.media-amazon.com/images/I/81R9c74pmDL._AC_UY218_.jpg,redmi,6.0,64.0
230,,,,"realme 8i (space black, 64 gb) (4 gb ram)",15245,,https://m.media-amazon.com/images/I/41SayBJQRYL._AC_UY218_.jpg,realme,,
231,,,,"nokia g10, android 11, boosted 6.5” hd+ screen, dual sim, 4gb ram/64gb storage, dual sim | purple",12149,,https://m.media-amazon.com/images/I/81k8Mu2IyaS._AC_UY218_.jpg,nokia,4.0,64.0
232,,48.0,,"redmi note 10 (shadow black, 4gb ram, 64gb storage) - amoled dot display | 48mp sony sensor imx582 | snapdragon 678 processor",13999,4.2,https://m.media-amazon.com/images/I/81vixbGM2EL._AC_UY218_.jpg,redmi,4.0,64.0
233,,,,"vivo y12g (glacier blue 3gb ram, 64gb storage) with no cost emi/additional exchange offers",11990,4.0,https://m.media-amazon.com/images/I/51fwYUcJotL._AC_UY218_.jpg,vivo,3.0,64.0
234,,64.0,,"redmi note 10s (deep sea blue, 6gb ram, 64gb storage) -super amoled display | 64 mp quad camera | alexa built in",14999,4.1,https://m.media-amazon.com/images/I/81B0HJigO-L._AC_UY218_.jpg,redmi,6.0,64.0
235,,,,"i kall k260 smartphone (2gb, 16gb), blue",4699,,https://m.media-amazon.com/images/I/61ckwXXrBSL._AC_UY218_.jpg,ikall,2.0,16.0
236,,,,"oppo a15s (fancy white, 4gb ram, 64gb storage) with no cost emi/additional exchange offers",12990,4.2,https://m.media-amazon.com/images/I/71UnRvRqfxL._AC_UY218_.jpg,oppo,4.0,64.0
237,,,,"i kall k260 smartphone (5.5 inch, 2gb, 16gb, dual sim, 4g volte), blue",4699,,https://m.media-amazon.com/images/I/61ckwXXrBSL._AC_UY218_.jpg,ikall,2.0,16.0
238,,,,"i kall k5 smartphone (2gb, 16gb) (blue)",4199,,https://m.media-amazon.com/images/I/51MWwWaLjnL._AC_UY218_.jpg,ikall,2.0,16.0
239,,,,"nokia g10, android 11, boosted 6.5” hd+ screen, dual sim, 4gb ram/64gb storage, dual sim | purple",12149,,https://m.media-amazon.com/images/I/81k8Mu2IyaS._AC_UY218_.jpg,nokia,4.0,64.0
240,,48.0,,"redmi note 10 (shadow black, 4gb ram, 64gb storage) - amoled dot display | 48mp sony sensor imx582 | snapdragon 678 processor",13999,4.2,https://m.media-amazon.com/images/I/81vixbGM2EL._AC_UY218_.jpg,redmi,4.0,64.0
241,,,,"vivo y12g (glacier blue 3gb ram, 64gb storage) with no cost emi/additional exchange offers",11990,4.0,https://m.media-amazon.com/images/I/51fwYUcJotL._AC_UY218_.jpg,vivo,3.0,64.0
242,,64.0,,"redmi note 10s (deep sea blue, 6gb ram, 64gb storage) -super amoled display | 64 mp quad camera | alexa built in",14999,4.1,https://m.media-amazon.com/images/I/81B0HJigO-L._AC_UY218_.jpg,redmi,6.0,64.0
243,,,snapdragon720g,"redmi note 9 pro (glacier white, 4gb ram, 64gb storage) - latest 8nm snapdragon 720g &alexa hands-free capable",13999,,https://m.media-amazon.com/images/I/81fwKtv0VHL._AC_UY218_.jpg,redmi,4.0,64.0
244,,,,"nokia 5.4 (polar night, 6gb ram, 64gb storage) with no cost emi/additional exchange offers",14499,,https://m.media-amazon.com/images/I/71fqEnuWn2L._AC_UY218_.jpg,nokia,6.0,64.0
245,6000.0,48.0,,"redmi 9 power (fiery red, 6gb ram, 128gb storage) - 6000mah battery|fhd+ screen | 48mp quad camera | snapdragon 662 processor | alexa hands-free capable",13499,4.2,https://m.media-amazon.com/images/I/61xN6dVRL7L._AC_UY218_.jpg,redmi,6.0,128.0
246,,,,"motorola g60 (frosted champange, 6gb ram, 128gb storage)",19685,4.2,https://m.media-amazon.com/images/I/51zvzmuXHZL._AC_UY218_.jpg,motorola,6.0,128.0
247,,,a14bionic,new apple iphone 11 (64gb) - (product) red,49900,,https://m.media-amazon.com/images/I/71hh7cpWadL._AC_UY218_.jpg,apple,,
248,,,,"i kall k260 smartphone (2gb, 16gb), green",4699,,https://m.media-amazon.com/images/I/61WSWSUq6xL._AC_UY218_.jpg,ikall,2.0,16.0
249,5000.0,,,"tecno spark go 2021 (horizon orange, 2gb ram, 32gb storage) | 5000mah| 6.52"" display smartphone",7299,,https://m.media-amazon.com/images/I/81O4tGOoslS._AC_UY218_.jpg,tecno,2.0,32.0
250,,,,"vivo y53s (deap sea blue, 8gb ram, 128gb storage) with no cost emi/additional exchange offers",19037,4.0,https://m.media-amazon.com/images/I/61n8C9LgI2L._AC_UY218_.jpg,vivo,8.0,128.0
251,,,,"vivo y73 (roman black, 8gb ram, 128gb storage) with no cost emi/additional exchange offers",20990,,https://m.media-amazon.com/images/I/51emzGhS57S._AC_UY218_.jpg,vivo,8.0,128.0
252,,,,"vivo y20g (obsidiant black, 6gb ram, 128gb) with no cost emi/additional exchange offers",15990,4.1,https://m.media-amazon.com/images/I/5108+4rkSEL._AC_UY218_.jpg,vivo,6.0,128.0
253,,,,"i kall z6 4g dual sim smartphone (blue, 6.26 inch, 4gb, 64gb)",7299,,https://m.media-amazon.com/images/I/51PzgEfqRAL._AC_UY218_.jpg,ikall,4.0,64.0
254,,,,"samsung galaxy m32 5g (slate black, 8gb ram, 128gb storage)",22999,4.1,https://m.media-amazon.com/images/I/71QT7dSK4BL._AC_UY218_.jpg,samsung,8.0,128.0
255,,,,"i kall z6 4g dual sim smartphone (grey, 6.26 inch, 4gb, 64gb)",7299,,https://m.media-amazon.com/images/I/51e9wCY17HL._AC_UY218_.jpg,ikall,4.0,64.0
256,,,,"nokia 3.4 fjord, 4gb ram, 64gb storage",10999,3.9,https://m.media-amazon.com/images/I/61212mlHPVL._AC_UY218_.jpg,nokia,4.0,64.0
257,,,,"i kall k200 smartphone (2gb, 16gb, 4g volte) (gold)",4299,,https://m.media-amazon.com/images/I/61rEWzijk0L._AC_UY218_.jpg,ikall,2.0,16.0
258,,,,"itel vision1 (gradation blue, 3gb ram, 32gb storage)",7999,,https://m.media-amazon.com/images/I/71s-VKKC+2L._AC_UY218_.jpg,itel,3.0,32.0
259,,,,"i kall k200 smartphone (2gb, 16gb, 4g volte) (red)",4299,,https://m.media-amazon.com/images/I/61pafKhXSRL._AC_UY218_.jpg,ikall,2.0,16.0
260,,,,"lava a1 super 21-dual sim |loud sound| number talker| vibration support| auto call recoding with 4 day battery backup, blue silver",936,,https://m.media-amazon.com/images/I/51ryWz45nIL._AC_UY218_.jpg,lava,,
261,,,,"samsung galaxy a03s (black, 4gb ram, 64gb storage) with no cost emi/additional exchange offers",12499,4.0,https://m.media-amazon.com/images/I/91PCzkdmUwL._AC_UY218_.jpg,samsung,4.0,64.0
262,,,,"oneplus nord ce 5g (blue void, 8gb ram, 128gb storage)",24999,4.1,https://m.media-amazon.com/images/I/61iy2Ru9KdS._AC_UY218_.jpg,oneplus,8.0,128.0
263,6000.0,16.0,,"tecno spark 7 (magnet black, 2gb ram, 32 gb storage) - 6000mah battery|16 mp dual camera| 6.52” dot notch display",7699,4.0,https://m.media-amazon.com/images/I/712hJ5hz7NS._AC_UY218_.jpg,tecno,2.0,32.0
264,,,,"redmi 9 activ (carbon black, 4gb ram, 64gb storage)",9499,4.2,https://m.media-amazon.com/images/I/911TJ1CDbLL._AC_UY218_.jpg,redmi,4.0,64.0
265,,,,"motorola g40 fusion (dynamic gray, 6 gb ram, 128gb storage)",17325,,https://m.media-amazon.com/images/I/31QQm0f6ntL._AC_UY218_.jpg,motorola,6.0,128.0
266,5000.0,,,"oppo f19 (space silver, 6gb ram, 128gb storage) - 6.43"" inch (16.33 cm) amoled punch-hole display | in-display fingerprint 3.0 | 5000 mah battery | 33w flash charging",19990,4.1,https://m.media-amazon.com/images/I/61I-UqlPd7S._AC_UY218_.jpg,oppo,6.0,128.0
267,,,,"realme 5 pro (chroma white, 8gb ram, 128 gb storage)",15800,4.0,https://m.media-amazon.com/images/I/51z4GjHGZjL._AC_UY218_.jpg,realme,8.0,128.0
268,,,,"kechaoda k108 dual sim, black",1840,,https://m.media-amazon.com/images/I/61MDuk12PAL._AC_UY218_.jpg,kechaoda,,
269,,,a14bionic,new apple iphone 11 (64gb) - white,49900,,https://m.media-amazon.com/images/I/71QE00iB9IL._AC_UY218_.jpg,apple,,
270,,,,"nillkin super frosted hard pc back case cover for for samsung galaxy note 20 6.7"" inches (black)",440,,https://m.media-amazon.com/images/I/61gcAFW-y8L._AC_UY218_.jpg,nillkin,,
271,6000.0,48.0,,"redmi 9 power (electric green, 4gb ram, 64gb storage) - 6000mah battery |fhd+ screen| 48mp quad camera | alexa hands-free capable",11499,4.2,https://m.media-amazon.com/images/I/71hEzQGO5qL._AC_UY218_.jpg,redmi,4.0,64.0
272,4000.0,,heliog25,"lg w31+ (midnight blue, hd+ fullvision display, 4gb/128gb storage) | 4000 mah battery with mediatekhelio g25, 2.0ghz octa-core processor, small",11990,3.8,https://m.media-amazon.com/images/I/612zIL2X1YS._AC_UY218_.jpg,lg,4.0,128.0
273,,,,"vivo y21 (diamond glow, 4gb ram, 128gb storage) with no cost emi/additional exchange offers",15490,4.1,https://m.media-amazon.com/images/I/51GkJLzb9NL._AC_UY218_.jpg,vivo,4.0,128.0
274,,,,micromax x750 blue,1284,,https://m.media-amazon.com/images/I/6138Js+GgQL._AC_UY218_.jpg,micromax,,
275,,,,"shivansh blaupunkt s1 lite (, 8 gb) (1 gb ram) color (white) all 4g sim working-android-qualcomm snapdragon",3698,,https://m.media-amazon.com/images/I/31KUa-VqFaL._AC_UY218_.jpg,shivansh,,
276,,,,"motorola e7 power (tahiti blue, 64 gb) (4 gb ram)",10320,4.1,https://m.media-amazon.com/images/I/31zh43WnnfL._AC_UY218_.jpg,motorola,,
277,,,,"vivo y20a (dawn white, 3gb, 64gb ) with no cost emi/additional exchange offers",11990,,https://m.media-amazon.com/images/I/71OjAKA1qsL._AC_UY218_.jpg,vivo,3.0,64.0
278,,,,"i kall k5 smartphone (2gb, 16gb) (blue)",4199,,https://m.media-amazon.com/images/I/51MWwWaLjnL._AC_UY218_.jpg,ikall,2.0,16.0
279,,,,lava a1 (blue silver),980,4.0,https://m.media-amazon.com/images/I/71nJCipMRiL._AC_UY218_.jpg,lava,,
280,,,a14bionic,"nillkin case for apple iphone 11 pro max (6.5"" inch) qin genuine classic leather flip folio red color + card slot",945,,https://m.media-amazon.com/images/I/51vuUYXqhrL._AC_UY218_.jpg,nillkin,,
281,,,,"i kall k200 smartphone (2gb, 16gb, 4g volte) (blue)",4299,,https://m.media-amazon.com/images/I/61Dm47uUt1L._AC_UY218_.jpg,ikall,2.0,16.0
282,,,,"nillkin polycarbonate galaxy s21 plus case - camshield case with slide camera cover, slim protective case for samsung galaxy s21+ (black)",860,4.2,https://m.media-amazon.com/images/I/81tXr0GBOfL._AC_UY218_.jpg,nillkin,,
283,,,,"samsung galaxy a22 5g (mint, 6gb ram, 128gb storage) without offer",19740,,https://m.media-amazon.com/images/I/8153wY04+qS._AC_UY218_.jpg,samsung,6.0,128.0
284,,,,"i kall k200 smartphone (2gb, 16gb, 4g volte) (gold)",4299,,https://m.media-amazon.com/images/I/61rEWzijk0L._AC_UY218_.jpg,ikall,2.0,16.0
285,,,,infinix hotn 10 play 3/32gb green,9499,,https://m.media-amazon.com/images/I/31YG-lu5qcL._AC_UY218_.jpg,infinix,,
286,,,,"nokia 2.4 android 10 smartphone with large hd+ screen, night mode and portrait mode, 2-day battery life | charcoal grey",10399,3.8,https://m.media-amazon.com/images/I/61SsbmaTJPL._AC_UY218_.jpg,nokia,,
287,,,,"samsung galaxy a21s (black, 6gb ram, 64gb storage) without offer",14796,3.8,https://m.media-amazon.com/images/I/81zb1bxd6NL._AC_UY218_.jpg,samsung,6.0,64.0
288,,,,"samsung galaxy m51 (celestial black, 6gb ram, 128gb storage) 6 months free screen replacement for prime",19999,,https://m.media-amazon.com/images/I/713AhSUtbHL._AC_UY218_.jpg,samsung,6.0,128.0
289,,,,"kechaoda k116, dual sim (fusion black)",1140,,https://m.media-amazon.com/images/I/71UtGVbwB-L._AC_UY218_.jpg,kechaoda,,
290,,,,"lava a1 josh 21-dual sim |call blink notfication |auto call recoding |military grade certified with 4 day battery backup, blue silver",1055,4.0,https://m.media-amazon.com/images/I/716oD06jiUL._AC_UY218_.jpg,lava,,
291,,,,"i kall k320 (blue, 4gb, 64gb)",6499,,https://m.media-amazon.com/images/I/51PsWtPk-KL._AC_UY218_.jpg,ikall,4.0,64.0
292,,,,"i kall k800 smartphone (2gb, 16gb, dual sim, 4g volte) (blue)",4799,,https://m.media-amazon.com/images/I/61I1k7cYyrL._AC_UY218_.jpg,ikall,2.0,16.0
293,,,,"samsung galaxy a22 5g (gray, 8gb ram, 128gb storage) with no cost emi/additional exchange offers",21999,,https://m.media-amazon.com/images/I/81fgOAq+PeS._AC_UY218_.jpg,samsung,8.0,128.0
294,,,,"motorola g40 fusion (dynamic gray, 64 gb) (4 gb ram)",15999,,https://m.media-amazon.com/images/I/313sxf4Q6mL._AC_UY218_.jpg,motorola,,
295,,64.0,,"tecno camon 17 (spruce green, 6gb ram, 128gb storage)| 64mp quad camera | professional video| 6.8"" fhd",13999,3.8,https://m.media-amazon.com/images/I/81G11P+cx9L._AC_UY218_.jpg,tecno,6.0,128.0
296,,,,"realme 8i (space purple, 64 gb) (4 gb ram)",15499,,https://m.media-amazon.com/images/I/41cQXCfjSkL._AC_UY218_.jpg,realme,,
297,,,,"vivo y72 5g (prism magic, 8gb ram, 128gb storage) with no cost emi/additional exchange offers",20990,4.0,https://m.media-amazon.com/images/I/51RXNOBWAWS._AC_UY218_.jpg,vivo,8.0,128.0
298,,,,"iqoo z3 5g (ace black, 6gb ram, 128gb storage) | india's first sd 768g 5g processor | 55w flashcharge | upto 9 months no cost emi | 6 months free screen replacement",19990,,https://m.media-amazon.com/images/I/61uIgwiP90S._AC_UY218_.jpg,iqoo,6.0,128.0
299,,,,"infinix hot 10 play (blue, 4gb ram, 64gb storage)",10395,,https://m.media-amazon.com/images/I/61sCyW7w+IL._AC_UY218_.jpg,infinix,4.0,64.0
300,,,a14bionic,new apple iphone 11 (256gb) - purple,64900,,https://m.media-amazon.com/images/I/71tpxtLD0aL._AC_UY218_.jpg,apple,,
301,,,,"nillkin case for one plus oneplus 8t (6.55"" inch) qin genuine classic leather flip folio + card slot red color",888,,https://m.media-amazon.com/images/I/71rc1sSYn6L._AC_UY218_.jpg,nillkin,,
302,,,,jeval landline caller id phone telephone landline corded phone telephone  for office and home purpose,999,,https://m.media-amazon.com/images/I/41ADPTKj0xL._AC_UY218_.jpg,jeval,,
303,,,,lava a5 (dimond blue),1289,3.9,https://m.media-amazon.com/images/I/71RlBheei0L._AC_UY218_.jpg,lava,,
304,,,,"vivo y72 5g (prism magic, 8gb ram, 128gb storage) with no cost emi/additional exchange offers",20990,4.0,https://m.media-amazon.com/images/I/51RXNOBWAWS._AC_UY218_.jpg,vivo,8.0,128.0
305,,,,"iqoo z3 5g (ace black, 6gb ram, 128gb storage) | india's first sd 768g 5g processor | 55w flashcharge | upto 9 months no cost emi | 6 months free screen replacement",19990,,https://m.media-amazon.com/images/I/61uIgwiP90S._AC_UY218_.jpg,iqoo,6.0,128.0
306,,,,"infinix hot 10 play (blue, 4gb ram, 64gb storage)",10395,,https://m.media-amazon.com/images/I/61sCyW7w+IL._AC_UY218_.jpg,infinix,4.0,64.0
307,,,,"iqoo z3 5g (ace black, 8gb ram, 256gb storage) | india's first sd 768g 5g processor | 55w flashcharge | upto 9 months no cost emi | 6 months free screen replacement",22990,,https://m.media-amazon.com/images/I/61uIgwiP90S._AC_UY218_.jpg,iqoo,8.0,256.0
308,,,,"xifo el y30 4g volte smartphone (3gb, 32gb) in red",6289,,https://m.media-amazon.com/images/I/713Eks5WnrL._AC_UY218_.jpg,xifo,3.0,32.0
309,,,,"i kall k800 4g smartphone (red, 2gb, 16gb)",4799,,https://m.media-amazon.com/images/I/61TgvMnvjgL._AC_UY218_.jpg,ikall,2.0,16.0
310,,64.0,,"redmi note 10s (cosmic purple, 6gb ram, 64 gb storage) - super amoled display | 64 mp quad camera | alexa built in",14999,4.1,https://m.media-amazon.com/images/I/81sZamLSPWL._AC_UY218_.jpg,redmi,6.0,64.0
311,,,,"lava z2 flame red, 2gb ram, 32gb storage",6999,4.1,https://m.media-amazon.com/images/I/41n8jTxKLML._AC_UY218_.jpg,lava,2.0,32.0
312,,,,"nillkin case for oneplus 8 pro one plus 8 pro (1+8) pro (6.78"" inch) qin genuine classic leather flip folio + card slot red color",820,,https://m.media-amazon.com/images/I/61GNvJs-5IL._AC_UY218_.jpg,nillkin,,
313,,,,"nillkin qin series luxury leather wallet flip covercover for (oneplus 8, brown)",870,,https://m.media-amazon.com/images/I/617ZIG3m6LL._AC_UY218_.jpg,nillkin,,
314,300.0,,,"kechaoda k10 finger bluetooth phone, single sim, 0.66 inch display, 300mah battery, dailer, wireless fm, bis certified (black), mini",879,,https://m.media-amazon.com/images/I/61Mvqn43nYL._AC_UY218_.jpg,kechaoda,,
315,,,,"samsung galaxy m32 (black, 4gb ram, 64gb storage) 6 months free screen replacement for prime",14999,4.2,https://m.media-amazon.com/images/I/71Q3iSQAwAS._AC_UY218_.jpg,samsung,4.0,64.0
316,,,,"oppo a16 (crystal black, 4gb ram, 64gb storage) without offers",13990,4.0,https://m.media-amazon.com/images/I/615YXlWepcL._AC_UY218_.jpg,oppo,4.0,64.0
317,,,,"oppo f17 (navy blue, 6gb ram, 128gb storage) with no cost emi/additional exchange offers",16990,4.2,https://m.media-amazon.com/images/I/81lDF673d9L._AC_UY218_.jpg,oppo,6.0,128.0
318,,,,"i kall k500 smartphone (4gb, 64gb, dual sim) (red)",5899,,https://m.media-amazon.com/images/I/61ELq2UDNdL._AC_UY218_.jpg,ikall,4.0,64.0
319,,,,"samsung galaxy a03s (white, 4gb ram, 64gb storage) with no cost emi/additional exchange offers",12499,4.0,https://m.media-amazon.com/images/I/91mQ+3YNRFL._AC_UY218_.jpg,samsung,4.0,64.0
320,,,,"i kall k260 smartphone (5.5 inch, 2gb, 16gb, dual sim, 4g volte), green",4699,,https://m.media-amazon.com/images/I/61WSWSUq6xL._AC_UY218_.jpg,ikall,2.0,16.0
321,,,,"oppo a15 (mystery blue, 3gb ram, 32gb storage)",10990,4.2,https://m.media-amazon.com/images/I/71y3aWvOucL._AC_UY218_.jpg,oppo,3.0,32.0
322,,,a14bionic,new apple iphone 11 (256gb) - white,64900,,https://m.media-amazon.com/images/I/71QE00iB9IL._AC_UY218_.jpg,apple,,
323,,,,"nillkin galaxy s21 case, camshield case with slide camera cover, slim protective case for samsung galaxy s21 6.2 inch, black",888,,https://m.media-amazon.com/images/I/71wnAxUsK2L._AC_UY218_.jpg,nillkin,,
324,,,,infinix hot 10 play 3/32 blue,9599,,https://m.media-amazon.com/images/I/31FboJGThBL._AC_UY218_.jpg,infinix,,
325,6000.0,,,"lava z2 max (stroked blue, 2gb ram, 32 gb storage) - 6000mah battery | 7” hd+ display, large",7799,,https://m.media-amazon.com/images/I/61tb1Lo7QhS._AC_UY218_.jpg,lava,2.0,32.0
326,,,,"samsung galaxy a03s (blue, 4gb ram, 64gb storage) with no cost emi/additional exchange offers",12499,4.0,https://m.media-amazon.com/images/I/91CNgv7nHHL._AC_UY218_.jpg,samsung,4.0,64.0
327,,,,"samsung galaxy m32 5g (slate black, 6gb ram, 128gb storage)",20999,4.1,https://m.media-amazon.com/images/I/71QT7dSK4BL._AC_UY218_.jpg,samsung,6.0,128.0
328,,,,"realme 8 5g (supersonic blue, 8gb ram, 128gb storage)",18990,4.0,https://m.media-amazon.com/images/I/41YmZRgXpOS._AC_UY218_.jpg,realme,8.0,128.0
329,,64.0,,"redmi note 10s (frost white, 6gb ram, 128gb) - super amoled display | 64 mp quad camera |ncemi offer on hdfc cards | 6 month free screen replacement (prime only) | alexa built in",16499,4.1,https://m.media-amazon.com/images/I/81SJHWh-dfL._AC_UY218_.jpg,redmi,6.0,128.0
330,,,,"samsung galaxy a22 5g (gray, 6gb ram, 128gb storage) without offer",19589,,https://m.media-amazon.com/images/I/81fgOAq+PeS._AC_UY218_.jpg,samsung,6.0,128.0
331,,,,"bollywood collection jio phone 3 model 2021 , black",1901,,https://m.media-amazon.com/images/I/51q-8htpKAL._AC_UY218_.jpg,bollywood,,
332,,,,"i kall k260 smartphone (5.5 inch, 2gb, 16gb, dual sim, 4g volte), blue",4699,,https://m.media-amazon.com/images/I/61ckwXXrBSL._AC_UY218_.jpg,ikall,2.0,16.0
333,,,,"honor 7a (blue, 3gb ram, 32gb storage)",8999,,https://m.media-amazon.com/images/I/41Mk7ocjlRL._AC_UY218_.jpg,honor,3.0,32.0
334,,64.0,,"redmi note 10s (shadow black, 6gb ram, 128gb storage) - super amoled display | 64 mp quad camera |ncemi offer on hdfc cards | 6 month free screen replacement (prime only) | alexa built in",16499,4.1,https://m.media-amazon.com/images/I/81R9c74pmDL._AC_UY218_.jpg,redmi,6.0,128.0
335,,,,"xifo ismart giant 6.53"" full display (3 gb 32 gb) 4g volte smartphone (moon white)",6000,,https://m.media-amazon.com/images/I/71-NM7q-wgL._AC_UY218_.jpg,xifo,,
336,,,,"samsung galaxy m32 (light blue, 4gb ram, 64gb storage) 6 months free screen replacement for prime",14999,4.2,https://m.media-amazon.com/images/I/71F4jU7MRUS._AC_UY218_.jpg,samsung,4.0,64.0
337,,,,"(renewed) tecno spark 7 pro (alps blue, 4gb ram 64gb storage)",9154,,https://m.media-amazon.com/images/I/61gzL+3vw1S._AC_UY218_.jpg,(renewed),4.0,64.0
338,,,,"vivo v21 5g (arctic white, 8gb ram, 128gb storage) with no cost emi/additional exchange offers",29990,4.1,https://m.media-amazon.com/images/I/61ShleYhcBS._AC_UY218_.jpg,vivo,8.0,128.0
339,,,,"vivo y72 5g (slate gray, 8gb ram, 128gb storage) with no cost emi/additional exchange offers",20990,4.0,https://m.media-amazon.com/images/I/5173ghkzHnS._AC_UY218_.jpg,vivo,8.0,128.0
340,,,a14bionic,new apple iphone 11 (256gb) - green,69900,,https://m.media-amazon.com/images/I/71w3oJ7aWyL._AC_UY218_.jpg,apple,,
341,,,a14bionic,new apple iphone 11 (256gb) - yellow,64900,,https://m.media-amazon.com/images/I/714Mg+6MoFL._AC_UY218_.jpg,apple,,
342,,,,"vivo v21 5g (arctic white, 8gb ram, 128gb storage) with no cost emi/additional exchange offers",29990,4.1,https://m.media-amazon.com/images/I/61ShleYhcBS._AC_UY218_.jpg,vivo,8.0,128.0
343,,,,"kechaoda k66 the music house 4, dual sim (power silver)",1150,,https://m.media-amazon.com/images/I/61OAPgPZeDL._AC_UY218_.jpg,kechaoda,,
344,,,,"vivo y20g 2021 (obsidiant black, 4gb ram, 64gb storage) with no cost emi/additional exchange offers",13990,4.2,https://m.media-amazon.com/images/I/51+H6FsWaNS._AC_UY218_.jpg,vivo,4.0,64.0
345,,,,"mi a2 (blue, 6gb ram, 128gb storage)",13990,4.0,https://m.media-amazon.com/images/I/91XRU7pm+PL._AC_UY218_.jpg,mi,6.0,128.0
346,,,,lava a5 (dimond blue),1289,3.9,https://m.media-amazon.com/images/I/71RlBheei0L._AC_UY218_.jpg,lava,,
347,,,,"nokia c20 plus blue, 6.5"" hd+ screen, 32gb storage, 2gb ram",8504,4.1,https://m.media-amazon.com/images/I/61yVJSVV+9L._AC_UY218_.jpg,nokia,2.0,32.0
348,,,,(renewed) anik w41 6.55 inch display { 4gb ram / 64gb storage | 4g lte smartphone with finger print sensor },8990,4.0,https://m.media-amazon.com/images/I/61lGvIqUpVL._AC_UY218_.jpg,(renewed),4.0,64.0
349,,,,"samsung galaxy m21 (iceberg blue, 4gb ram, 64gb storage)",12499,4.2,https://m.media-amazon.com/images/I/71vvUDCY4PL._AC_UY218_.jpg,samsung,4.0,64.0
350,4000.0,,heliog25,"lg w31 (midnight blue, hd+ fullvision display, 4gb/64gb storage) | 4000 mah battery with mediatekhelio g25, 2.0ghz octa-core processor",11990,3.8,https://m.media-amazon.com/images/I/61IcasJtSOS._AC_UY218_.jpg,lg,4.0,64.0
351,,,,"lava z2 max - big screen, big battery -stroked cyan, large (ls0001_cyan)",7799,,https://m.media-amazon.com/images/I/61iUtO1vTvS._AC_UY218_.jpg,lava,,
352,,,snapdragon720g,"redmi note 9 pro (interstellar black, 4gb ram, 64gb storage)- latest 8nm snapdragon 720g & alexa hands-free capable",13999,,https://m.media-amazon.com/images/I/81fwKtv0VHL._AC_UY218_.jpg,redmi,4.0,64.0
353,,,,"xifo el y30 4g volte smartphone (3gb, 32gb) in black",6289,,https://m.media-amazon.com/images/I/71mAloGjNfL._AC_UY218_.jpg,xifo,3.0,32.0
354,,,,"i kall k800 smartphone (2gb, 16gb, dual sim, 4g volte) (red)",4799,,https://m.media-amazon.com/images/I/61bpA54n8rL._AC_UY218_.jpg,ikall,2.0,16.0
355,,48.0,,"redmi note 10 (frost white, 4gb ram, 64gb storage) - super amoled dot display | 48mp sony sensor imx582 | snapdragon 678 processor",13999,4.2,https://m.media-amazon.com/images/I/81u1pFihLrL._AC_UY218_.jpg,redmi,4.0,64.0
356,,,,"samsung galaxy a12 (blue,4gb ram, 64gb storage) without offers",12189,3.8,https://m.media-amazon.com/images/I/91te-9mP2JL._AC_UY218_.jpg,samsung,4.0,64.0
357,6000.0,48.0,,"redmi 9 power (blazing blue, 4gb ram, 64gb storage) - 6000mah battery |fhd+ screen| 48mp quad camera | alexa hands-free capable",11499,4.2,https://m.media-amazon.com/images/I/71hEzQGO5qL._AC_UY218_.jpg,redmi,4.0,64.0
358,,,,"oppo a54 (starry blue, 4gb ram, 64gb storage) with no cost emi/additional exchange offers, 4gb, 64gb",14990,4.2,https://m.media-amazon.com/images/I/71k86pEH5LS._AC_UY218_.jpg,oppo,4.0,
359,,,,"samsung galaxy a22 (black, 6gb ram, 128gb storage) with no cost emi/additional exchange offers",18499,4.2,https://m.media-amazon.com/images/I/81Gc-sol2JS._AC_UY218_.jpg,samsung,6.0,128.0
360,,,,"oppo a15 (dynamic black, 2gb ram, 32gb storage) with no cost emi/additional exchange offers",9490,4.2,https://m.media-amazon.com/images/I/71maXizzu8L._AC_UY218_.jpg,oppo,2.0,32.0
361,0.0,,,"redmi 8a dual (sky white, 3gb ram, 32gb storage) – dual cameras & 5,000 mah battery",7999,4.1,https://m.media-amazon.com/images/I/710p2f-zAdL._AC_UY218_.jpg,redmi,3.0,32.0
362,,,,"samsung a32 (blue, 6gb ram, 128gb storage) without offers",21334,3.9,https://m.media-amazon.com/images/I/81qE+w5-MoL._AC_UY218_.jpg,samsung,6.0,128.0
363,,,,"motorola g9 power (electric violet, 4gb ram, 64gb storage)",13999,3.9,https://m.media-amazon.com/images/I/6195iRXqGhL._AC_UY218_.jpg,motorola,4.0,64.0
364,,,,"realme gt 5g master edition (cosmos black, 8gb ram, 256gb storage)",29999,,https://m.media-amazon.com/images/I/41MYRV094eL._AC_UY218_.jpg,realme,8.0,256.0
365,,,,"itel a23 pro jio (sapphire blue, 1gb ram, 8 gb storage, 5'' bright display) (l5006c)",3909,,https://m.media-amazon.com/images/I/81266Be2zwL._AC_UY218_.jpg,itel,1.0,
366,,,,"samsung galaxy a52s 5g (violet, 8gb ram, 128gb storage) with no cost emi/additional exchange offers",37499,4.0,https://m.media-amazon.com/images/I/914kfP8ImAL._AC_UY218_.jpg,samsung,8.0,128.0
367,,,,"realme xt (pearl blue, 128 gb) (8 gb ram)",17600,,https://m.media-amazon.com/images/I/21w+FeRuYfL._AC_UY218_.jpg,realme,,
368,,,,"kechaoda k115 with dual sim 1.44"" inch (gold)",1050,3.8,https://m.media-amazon.com/images/I/61zb-llp5fL._AC_UY218_.jpg,kechaoda,,
369,,,,"redmi y2 (gold, 3gb ram, 32gb storage)",9990,4.2,https://m.media-amazon.com/images/I/71C5QuX8qeL._AC_UY218_.jpg,redmi,3.0,32.0
370,,,,micromax x749 silver phone,1378,,https://m.media-amazon.com/images/I/71avLkOj+DL._AC_UY218_.jpg,micromax,,
371,,,a14bionic,new apple iphone 11 (256gb) - black,64900,,https://m.media-amazon.com/images/I/71i2XhHU3pL._AC_UY218_.jpg,apple,,
372,,,a14bionic,new apple iphone 11 (256gb) - (product) red,64900,,https://m.media-amazon.com/images/I/71hh7cpWadL._AC_UY218_.jpg,apple,,
373,,,,"(renewed) samsung galaxy m42 5g (prism dot gray, 8gb ram, 128gb storage)",19490,,https://m.media-amazon.com/images/I/71R2jI+KEbS._AC_UY218_.jpg,(renewed),8.0,128.0
374,,,,"oppo a54 (crystal black, 4gb ram, 64gb storage) with no cost emi/additional exchange offers, large",14990,4.2,https://m.media-amazon.com/images/I/61Qu8KYuynS._AC_UY218_.jpg,oppo,4.0,64.0
375,,,,"samsung galaxy m32 5g (sky blue, 6gb ram, 128gb storage)",20999,4.1,https://m.media-amazon.com/images/I/719uP6EXsdL._AC_UY218_.jpg,samsung,6.0,128.0
376,,,,"vivo v19 (mystic silver, 8gb ram, 128gb storage) with no cost emi/additional exchange offers",24990,,https://m.media-amazon.com/images/I/61DlqYmSLOL._AC_UY218_.jpg,vivo,8.0,128.0
377,,,,"kechaoda k66 the music house 4, dual sim (fusion black)",1140,,https://m.media-amazon.com/images/I/61cltW7HC4L._AC_UY218_.jpg,kechaoda,,
378,,,,"vivo y20a 2021 (drawn white, 3gb ram, 64gb storage) with no cost emi/additional exchange offers",11980,4.2,https://m.media-amazon.com/images/I/71OjAKA1qsL._AC_UY218_.jpg,vivo,3.0,64.0
379,5000.0,16.0,,"tecno spark 8 (turquoise cyan, 2 gb ram, 64 gb storage) | 16mp dual ai camera | new metal coding design| 5000mah | 8mp selfie camera with dual flashlight",7999,,https://m.media-amazon.com/images/I/818N6uta7qL._AC_UY218_.jpg,tecno,,
380,,,,"micromax dual sim x756, blue",1448,,https://m.media-amazon.com/images/I/7133fNevp+L._AC_UY218_.jpg,micromax,,
381,5000.0,,,"oppo f19 (prism black, 6gb ram, 128gb storage) - 6.43"" inch amoled punch-hole display | in-display fingerprint 3.0 | 5000 mah battery | 33w flash charging",19990,4.1,https://m.media-amazon.com/images/I/71crCF+ogwL._AC_UY218_.jpg,oppo,6.0,128.0
382,,,,kechaoda k116 plus dual sim mobile with external memory card slot and vga camera (black),1050,3.8,https://m.media-amazon.com/images/I/81tPMjuLLLL._AC_UY218_.jpg,kechaoda,,
383,,,,"oppo a54 (starry blue, 4gb ram, 64gb storage) without offers",13669,,https://m.media-amazon.com/images/I/61OerM9VHGS._AC_UY218_.jpg,oppo,4.0,64.0
384,,,,karbonn kx 3 white-grey,899,,https://m.media-amazon.com/images/I/41C9qr32zUL._AC_UY218_.jpg,karbonn,,
385,,,,"samsung galaxy a21s (blue, 6gb ram, 64gb storage) with no cost emi/additional exchange offers",14745,4.0,https://m.media-amazon.com/images/I/811RH5e-snL._AC_UY218_.jpg,samsung,6.0,64.0
386,,,,"samsung galaxy a03s (black, 3gb ram, 32gb storage) with no cost emi/additional exchange offers",11499,4.0,https://m.media-amazon.com/images/I/91PCzkdmUwL._AC_UY218_.jpg,samsung,3.0,32.0
387,,,,"i kall k800 smartphone (gold, 2gb, 16gb)",4999,,https://m.media-amazon.com/images/I/41IMKuE6zgL._AC_UY218_.jpg,ikall,2.0,16.0
388,,,,"bollywood collection jio phone 3 model 2021 , black",1901,,https://m.media-amazon.com/images/I/51q-8htpKAL._AC_UY218_.jpg,bollywood,,
389,,,,"nokia 5.4 (dusk, 4gb ram, 64gb storage) with no cost emi/additional exchange offers",12999,,https://m.media-amazon.com/images/I/611EqT4FLzL._AC_UY218_.jpg,nokia,4.0,64.0
