,4k,PRODUCT NAME,PRODUCT PRICE,PRODUCT RATING,URL,alexa,brand,hd,screen_size
0,1.0,samsung 108 cm (43 inches) the frame series 4k ultra hd smart qled tv qa43ls03aaklxl (black) (2021 model),61990, ,https://m.media-amazon.com/images/I/71YDVrHosvS._AC_UY218_.jpg,0,samsung,0.0,43
1,0.0,samsung 80 cm (32 inches) wondertainment series hd ready led smart tv ua32te40aakbxl (titan gray) (2020 model),19240, ,https://m.media-amazon.com/images/I/81N8UlFd0kL._AC_UY218_.jpg,0,samsung,1.0,32
2,0.0,mi 80 cm (32 inches) hd ready android smart led tv 4a pro | l32m5-al (black),16999, ,https://m.media-amazon.com/images/I/71Z+l05eSIS._AC_UY218_.jpg,0,mi,1.0,32
3,0.0,eairtec 61 cms (24 inches) hd ready led tv 24dj (black) (2020 model),7850,4.0,https://m.media-amazon.com/images/I/71FutyZQeXL._AC_UY218_.jpg,0,eairtec,1.0,24
4,0.0,lg 80 cm (32 inches) hd ready smart led tv 32lm563bptc (dark iron gray) (2020 model),17999, ,https://m.media-amazon.com/images/I/71uKCdULRgL._AC_UY218_.jpg,0,lg,1.0,32
5,0.0,oneplus 80 cm (32 inches) y series hd ready led smart android tv 32y1 (black) (2020 model),18999,4.2,https://m.media-amazon.com/images/I/71vZypjNkPS._AC_UY218_.jpg,0,oneplus,1.0,32
6,0.0,oneplus 108 cm (43 inches) y series full hd led smart android tv 43y1 (black) (2020 model),29499,4.2,https://m.media-amazon.com/images/I/71vZLIfj5yS._AC_UY218_.jpg,0,oneplus,1.0,43
7,0.0,samsung 80 cm (32 inches) wondertainment series hd ready led smart tv ua32te40aakbxl (titan gray) (2020 model),19240, ,https://m.media-amazon.com/images/I/81N8UlFd0kL._AC_UY218_.jpg,0,samsung,1.0,32
8,0.0,eairtec 102 cms (40 inches) hd ready smart led tv 40djsm (black) (2020 model),15350,3.9,https://m.media-amazon.com/images/I/61rLf+-jsWL._AC_UY218_.jpg,0,eairtec,1.0,40
9,0.0,tcl 107.86 cm (43 inches) full hd led certified android smart tv p30 43p30fs (black),23999,4.0,https://m.media-amazon.com/images/I/81SQ3nSk7rL._AC_UY218_.jpg,0,tcl,1.0,43
10,1.0,samsung 108 cm (43 inches) crystal 4k series ultra hd smart led tv ua43aue60aklxl (black) (2021 model),38990, ,https://m.media-amazon.com/images/I/61GwJAhftvS._AC_UY218_.jpg,0,samsung,0.0,43
11,0.0,samsung 138 cm (55 inches) wondertainment series ultra hd led smart tv ua55tue60akxxl (titan gray) (2020 model),51999, ,https://m.media-amazon.com/images/I/71Gp8RVxmhL._AC_UY218_.jpg,0,samsung,1.0,55
12,0.0,tcl 100 cm (40 inches) full hd certified android smart led tv 40s6500fs (black) (2020 model),24999,4.2,https://m.media-amazon.com/images/I/71WFfsR5sRL._AC_UY218_.jpg,0,tcl,1.0,40
13,0.0,vw 60 cm (24 inches) hd ready led tv vw24a (black) (2021 model),8999, ,https://m.media-amazon.com/images/I/81FjmqtQUjL._AC_UY218_.jpg,0,vw,1.0,24
14,0.0,vu 108 cm (43 inches) full hd ultraandroid led tv 43ga (black) (2019 model),26990, ,https://m.media-amazon.com/images/I/71ka35uD4QL._AC_UY218_.jpg,0,vu,1.0,43
15,0.0,samsung 80 cm (32 inches) wondertainment series hd ready led smart tv ua32t4340akxxl (glossy black) (2020 model),18290, ,https://m.media-amazon.com/images/I/71fEd9glTIL._AC_UY218_.jpg,0,samsung,1.0,32
16,0.0,lg 108 cm (43 inches) full hd led smart tv 43lm5650pta (ceramic black) (2020 model),33990, ,https://m.media-amazon.com/images/I/7173oa2fxXL._AC_UY218_.jpg,0,lg,1.0,43
17,1.0,mi 108 cm (43 inches) 4k ultra hd android smart led tv 4x|l43m4-4ain (black),29999, ,https://m.media-amazon.com/images/I/612oGaxp3DS._AC_UY218_.jpg,0,mi,0.0,43
18,0.0,mi 108 cm (43 inches) full hd android smart led tv 4a pro|l43m5-an (black),26999, ,https://m.media-amazon.com/images/I/71deZZ0oDMS._AC_UY218_.jpg,0,mi,1.0,43
19,0.0,eairtec 81 cms (32 inches) hd ready smart led tv 32djsm (black) (2020 model),11699,3.9,https://m.media-amazon.com/images/I/61LHJpk2HfL._AC_UY218_.jpg,0,eairtec,1.0,32
20,0.0,croma 80 cm (32 inches) hd ready led tv crel7369 (black) (2021 model),12990, ,https://m.media-amazon.com/images/I/71MjjIugSbL._AC_UY218_.jpg,0,croma,1.0,32
21,1.0,philips 126 cm (50 inches) 4k ultra hd led android smart tv 50put8215/94 (black) (2021 model) | with voice assistant,46999, ,https://m.media-amazon.com/images/I/71jj8z2WkxS._AC_UY218_.jpg,0,philips,0.0,50
22,1.0,samsung 125 cm (50 inches) crystal 4k series ultra hd smart led tv ua50aue60aklxl (black) (2021 model),51990, ,https://m.media-amazon.com/images/I/61GwJAhftvS._AC_UY218_.jpg,0,samsung,0.0,50
23,1.0,samsung 125 cm (50 inches) the frame series 4k ultra hd smart qled tv qa50ls03aaklxl (black) (2021 model),77990, ,https://m.media-amazon.com/images/I/71YDVrHosvS._AC_UY218_.jpg,0,samsung,0.0,50
24,0.0,samsung 80 cm (32 inches) hd ready led tv ua32t4010arxxl (black) (2020 model),16290,4.2,https://m.media-amazon.com/images/I/81N7bMl70HL._AC_UY218_.jpg,0,samsung,1.0,32
25,0.0,eairtec 81 cms (32 inches) hd ready led tv 32dj (black) (2020 model),10750,3.9,https://m.media-amazon.com/images/I/81t2A6uhm4L._AC_UY218_.jpg,0,eairtec,1.0,32
26,0.0,vw 80 cm (32 inches) hd ready led smart tv vw32s (black) (2021 model),12299, ,https://m.media-amazon.com/images/I/81P1pYfcJPL._AC_UY218_.jpg,0,vw,1.0,32
27,0.0,vw 60 cm (24 inches) hd ready smart led tv vw24s (black) (2021 model),10299, ,https://m.media-amazon.com/images/I/816HhfSBNxL._AC_UY218_.jpg,0,vw,1.0,24
28,0.0,iffalcon 80 cm (32 inches) hd ready android smart led tv 32f2a (black) (2021 model) | with built-in voice assistant,15999, ,https://m.media-amazon.com/images/I/81N5PxG5t5L._AC_UY218_.jpg,0,iffalcon,1.0,32
29,0.0,kodak 80 cm (32 inches) hd ready led tv kodak 32hdx900s (black),12499,4.1,https://m.media-amazon.com/images/I/811tmylJsgL._AC_UY218_.jpg,0,kodak,1.0,32
30,0.0,vw 80 cm (32 inches) hd ready led tv vw32a (black) (2021 model),10999, ,https://m.media-amazon.com/images/I/81xXlShklCL._AC_UY218_.jpg,0,vw,1.0,32
31,0.0,mi 80 cm (32 inches) horizon edition hd ready android smart led tv 4a|l32m6-ei (grey),17499, ,https://m.media-amazon.com/images/I/91EPNWiKDUL._AC_UY218_.jpg,0,mi,1.0,32
32,0.0,tcl 100 cm (40 inches) full hd certified android smart led tv 40s6500fs (black) (2020 model),24999,4.2,https://m.media-amazon.com/images/I/71WFfsR5sRL._AC_UY218_.jpg,0,tcl,1.0,40
33,0.0,sanyo 108 cm (43 inches) kaizen series full hd certified android led tv xt-43fhd4s (black) (2020 model),26999, ,https://m.media-amazon.com/images/I/81CU76hBEyL._AC_UY218_.jpg,0,sanyo,1.0,43
34,0.0,kodak 102 cm (40 inches) full hd certified android led tv 40fhdx7xpro (black) (2020 model),20989, ,https://m.media-amazon.com/images/I/81A0bCUfYAL._AC_UY218_.jpg,0,kodak,1.0,40
35,0.0,eairtec 81 cm (32 inches) hd ready smart led tv 32 sm vc (black) (2020 model) | with voice command remote,12500,4.1,https://m.media-amazon.com/images/I/717-FdDErmL._AC_UY218_.jpg,0,eairtec,1.0,32
36,1.0,amazonbasics 127cm (50 inch) 4k ultra hd smart led fire tv ab50u20ps (black),38999,4.1,https://m.media-amazon.com/images/I/71AqQyCMmeL._AC_UY218_.jpg,0,amazonbasics,0.0,50
37,0.0,iffalcon 103 cm (40 inches) full hd android smart led tv 40f2a (black) (2021 model) | with built-in voice assistant,22999, ,https://m.media-amazon.com/images/I/81N5PxG5t5L._AC_UY218_.jpg,0,iffalcon,1.0,40
38,0.0,toshiba 80 cm (32 inches) vidaa os series hd ready smart ads led tv 32l5050 (black) (2020 model),15990, ,https://m.media-amazon.com/images/I/613ANDbJO-S._AC_UY218_.jpg,0,toshiba,1.0,32
39,1.0,lg 108 cm (43 inches) 4k ultra hd smart led tv 43up7500ptz (rocky black) (2021 model),38990,4.2,https://m.media-amazon.com/images/I/81e0B7ek-8L._AC_UY218_.jpg,0,lg,0.0,43
40,0.0,vw 100 cms (40 inches) hd ready smart led tv vw40s (black) (2021 model),16799, ,https://m.media-amazon.com/images/I/81epE6a2PyL._AC_UY218_.jpg,0,vw,1.0,40
41,0.0,kevin 60 cm (24 inches) hd ready smart led tv kn24pro (black) (2021 model) | with inbuilt soundbar,10299, ,https://m.media-amazon.com/images/I/81KntMwtZzL._AC_UY218_.jpg,0,kevin,1.0,24
42,1.0,hisense 177 cm (70 inches) 4k ultra hd smart certified android led tv 70a71f (black) (2021 model) | with dolby vision and atmos,94999,4.2,https://m.media-amazon.com/images/I/61fgCxYSR0S._AC_UY218_.jpg,0,hisense,0.0,70
43,1.0,philips 139 cm (55 inches) 4k uhd led android smart tv 55put8215/94 (black) (2021 model) | with voice assistant,52990,4.2,https://m.media-amazon.com/images/I/81v5x50PVTL._AC_UY218_.jpg,0,philips,0.0,55
44,1.0,samsung 108 cm (43 inches) crystal 4k pro series ultra hd smart led tv ua43aue70aklxl (black) (2021 model),40990, ,https://m.media-amazon.com/images/I/61GwJAhftvS._AC_UY218_.jpg,0,samsung,0.0,43
45,1.0,samsung 163 cm (65 inches) the frame series 4k ultra hd smart qled tv qa65ls03aaklxl (black) (2021 model),129990, ,https://m.media-amazon.com/images/I/71YDVrHosvS._AC_UY218_.jpg,0,samsung,0.0,65
46,0.0,vw 100 cm (40 inches) hd ready smart led tv vw40ca (black) (2021 model),15499, ,https://m.media-amazon.com/images/I/81epE6a2PyL._AC_UY218_.jpg,0,vw,1.0,40
47,0.0,eairtec 102 cm (40 inches) hd ready led tv 40dj (black) (2020 model),14500,4.0,https://m.media-amazon.com/images/I/81P3rFYr9LL._AC_UY218_.jpg,0,eairtec,1.0,40
48,0.0,akai 80 cm (32 inches) hd ready smart led tv aklt32s-d329w (black) (2021 model),15990, ,https://m.media-amazon.com/images/I/713K6AdnpZL._AC_UY218_.jpg,0,akai,1.0,32
49,0.0,onida 80 cm (32 inches) hd ready smart led fire tv 32hif1 (black) (2021 model) | voice remote with alexa,18999, ,https://m.media-amazon.com/images/I/81eo9NYVifL._AC_UY218_.jpg,1,onida,1.0,32
50,0.0,kevin 60 cm (24 inches) hd ready led tv kn24832 (black) | with inbuilt soundbar (2021 model),9199,4.2,https://m.media-amazon.com/images/I/81VBeEz7TBL._AC_UY218_.jpg,0,kevin,1.0,24
51,1.0,lg 139.7 cm (55 inches) 4k ultra hd smart led tv 55up7500ptz (rocky black) (2021 model),54990,4.2,https://m.media-amazon.com/images/I/81I1sw-FBgL._AC_UY218_.jpg,0,lg,0.0,55
52,0.0,amazonbasics 80cm (32 inch) hd ready smart led fire tv ab32e10ss (black) (2020 model),16999,4.1,https://m.media-amazon.com/images/I/71m0Nn4vqOL._AC_UY218_.jpg,0,amazonbasics,1.0,32
53,0.0,eairtec 102 cm (40 inches) hd ready smart led tv 40djsm (black) (2021 model),15350,3.8,https://m.media-amazon.com/images/I/61yi0A6DYSS._AC_UY218_.jpg,0,eairtec,1.0,40
54,1.0,hisense 139 cm (55 inches) 4k ultra hd smart certified android led tv 55a73f (black) (2020 model) | with jbl 6 speaker system,48990, ,https://m.media-amazon.com/images/I/61PjcI+TxTS._AC_UY218_.jpg,0,hisense,0.0,55
55,0.0,dyanora 106 cm (42 inches) full hd led tv dy-ld42f3s (black) (2021 model),21999, ,https://m.media-amazon.com/images/I/71Hsz4AfLKL._AC_UY218_.jpg,0,dyanora,1.0,42
56,0.0,eairtec 60 cm (24 inches) hd ready smart android led tv 24djsmart (black) (2021 model),9500, ,https://m.media-amazon.com/images/I/61V-qu711vL._AC_UY218_.jpg,0,eairtec,1.0,24
57,0.0,vw 80 cm (32 inches) hd ready led smart tv vw32pro (black) (2021 model),13499, ,https://m.media-amazon.com/images/I/81P1pYfcJPL._AC_UY218_.jpg,0,vw,1.0,32
58,0.0,kodak 60 cm (24 inch) hd ready led tv  24hdx100s (black),9499,3.9,https://m.media-amazon.com/images/I/71m5ZSLGZfL._AC_UY218_.jpg,0,kodak,1.0,24
59,0.0,akai 98 cm (40 inches) full hd smart led tv aklt40s-d409w (black) (2021 model),22500, ,https://m.media-amazon.com/images/I/71FcGnVkB3L._AC_UY218_.jpg,0,akai,1.0,40
60,0.0,croma 80 cm (32 inches) hd ready led tv crel7369 (black) (2021 model),12990, ,https://m.media-amazon.com/images/I/71MjjIugSbL._AC_UY218_.jpg,0,croma,1.0,32
61,1.0,amazonbasics 108cm (43 inch) 4k ultra hd smart led fire tv ab43u20ps (black),29999,4.1,https://m.media-amazon.com/images/I/71AqQyCMmeL._AC_UY218_.jpg,0,amazonbasics,0.0,43
62,0.0,kevin 100 cm (40 inches) hd ready led smart tv kn40sca (black) (2021 model),17999,4.2,https://m.media-amazon.com/images/I/81W3M6Mqp2L._AC_UY218_.jpg,0,kevin,1.0,40
63,0.0,sony bravia 80 cm (32 inches) hd ready smart led tv 32w6103 (black) (2021 model),26490, ,https://m.media-amazon.com/images/I/915X01--m2S._AC_UY218_.jpg,0,sony,1.0,32
64,0.0,tcl 107.86 cm (43 inches) full hd led certified android smart tv p30 43p30fs (black),23999,4.0,https://m.media-amazon.com/images/I/81SQ3nSk7rL._AC_UY218_.jpg,0,tcl,1.0,43
65,1.0,samsung 138 cm (55 inches) the frame series 4k ultra hd smart qled tv qa55ls03aaklxl (black) (2021 model),93990, ,https://m.media-amazon.com/images/I/71YDVrHosvS._AC_UY218_.jpg,0,samsung,0.0,55
66,1.0,tcl 139 cm (55 inches) ai 4k ultra hd certified android smart led tv 55p715 (silver) (2020 model) | with remote less voice control,41999, ,https://m.media-amazon.com/images/I/81JMkz+KNoL._AC_UY218_.jpg,0,tcl,0.0,55
67,0.0,akai 60 cms (24 inches) hd ready led tv aklt24n-d53w (black),10999, ,https://m.media-amazon.com/images/I/81I3-t-lKQL._AC_UY218_.jpg,0,akai,1.0,24
68,0.0,tcl 79.9 cm (32 inches) hd ready certified android smart led tv 32s65a (black) (2020 model),16499,4.2,https://m.media-amazon.com/images/I/71OoBhxWsnS._AC_UY218_.jpg,0,tcl,1.0,32
69,0.0,toshiba 108 cm (43 inches) vidaa os series full hd smart ads led tv 43l5050 (black) (2020 model),24990, ,https://m.media-amazon.com/images/I/613ANDbJO-S._AC_UY218_.jpg,0,toshiba,1.0,43
70,1.0,samsung 108 cm (43 inches) crystal 4k pro series ultra hd smart led tv ua43aue70aklxl (black) (2021 model),40990, ,https://m.media-amazon.com/images/I/61GwJAhftvS._AC_UY218_.jpg,0,samsung,0.0,43
71,1.0,hisense 108 cm (43 inches) 4k ultra hd smart certified android led tv 43a6ge (black) (2021 model) | with dolby vision and atmos,31990, ,https://m.media-amazon.com/images/I/71ao31dcPoL._AC_UY218_.jpg,0,hisense,0.0,43
72,1.0,samsung 108 cm (43 inches) crystal 4k series ultra hd smart led tv ua43aue60aklxl (black) (2021 model),38990, ,https://m.media-amazon.com/images/I/61GwJAhftvS._AC_UY218_.jpg,0,samsung,0.0,43
73,0.0,kevin 80 cm (32 inches) hd ready smart led tv kn32a (black) (2021 model) | with alexa built-in,13999,4.1,https://m.media-amazon.com/images/I/71UuZdVYUnL._AC_UY218_.jpg,1,kevin,1.0,32
74,0.0,tcl 80 cm (32 inches) hd ready certified android smart led tv 32s6500s (black) (2020 model),18999,4.2,https://m.media-amazon.com/images/I/71Ou3LG40jL._AC_UY218_.jpg,0,tcl,1.0,32
75,0.0,mi 108 cm (43 inches) horizon edition full hd android led tv 4a|l43m6-ei (black),27999, ,https://m.media-amazon.com/images/I/71Cf27AHBEL._AC_UY218_.jpg,0,mi,1.0,43
76,0.0,akai 60 cms (24 inches) hd ready led tv aklt24n-d53w (black),10999, ,https://m.media-amazon.com/images/I/81I3-t-lKQL._AC_UY218_.jpg,0,akai,1.0,24
77,1.0,samsung 138 cm (55 inches) crystal 4k pro series ultra hd smart led tv ua55aue70aklxl (black) (2021 model),57990, ,https://m.media-amazon.com/images/I/61GwJAhftvS._AC_UY218_.jpg,0,samsung,0.0,55
78,0.0,mi 108 cm (43 inches) horizon edition full hd android led tv 4a|l43m6-ei (black),27999, ,https://m.media-amazon.com/images/I/71Cf27AHBEL._AC_UY218_.jpg,0,mi,1.0,43
79,1.0,tcl 126 cm (50 inches) ai 4k ultra hd certified android smart led tv 50p715 (silver) (2020 model) | with remote less voice control,34944,4.1,https://m.media-amazon.com/images/I/81JMkz+KNoL._AC_UY218_.jpg,0,tcl,0.0,50
80,1.0,vu 164cm (65inches) cinema tv action series 4k ultra hd led smart android tv 65lx (black) (2021 model) i with 100 watt front soundbar,68449, ,https://m.media-amazon.com/images/I/61g2N0Z0SSL._AC_UY218_.jpg,0,vu,0.0,65
81,1.0,samsung 125 cm (50 inches) crystal 4k pro series ultra hd smart led tv ua50aue70aklxl (black) (2021 model),54990, ,https://m.media-amazon.com/images/I/61GwJAhftvS._AC_UY218_.jpg,0,samsung,0.0,50
82,0.0,shinco 80 cm (32 inches) hd ready led tv so3a (black) (2020 model),12990,4.1,https://m.media-amazon.com/images/I/712GhOeDGKS._AC_UY218_.jpg,0,shinco,1.0,32
83,0.0,sony bravia 108 cm (43 inches) full hd smart led tv kdl-43w6603 (black) (2020 model),44900, ,https://m.media-amazon.com/images/I/81lpllAGcBL._AC_UY218_.jpg,0,sony,1.0,43
84,1.0,lg 127 cm (50 inches) 4k ultra hd smart led tv 50up7500ptz (rocky black) (2021 model),50990,4.2,https://m.media-amazon.com/images/I/81U+uLusacL._AC_UY218_.jpg,0,lg,0.0,50
85,1.0,samsung 125 cm (50 inches) crystal 4k pro series ultra hd smart led tv ua50aue70aklxl (black) (2021 model),54990, ,https://m.media-amazon.com/images/I/61GwJAhftvS._AC_UY218_.jpg,0,samsung,0.0,50
86,0.0,mi 108 cm (43 inches) full hd android smart led tv 4a pro|l43m5-an (black),26999, ,https://m.media-amazon.com/images/I/71deZZ0oDMS._AC_UY218_.jpg,0,mi,1.0,43
87,1.0,sanyo 126 cm (50 inches) kaizen series 4k ultra hd certified android led tv xt-50uhd4s (black) (2020 model),37999, ,https://m.media-amazon.com/images/I/81pV-GXX-bL._AC_UY218_.jpg,0,sanyo,0.0,50
88,1.0,mi 108 cm (43 inches) 4k ultra hd android smart led tv 4x|l43m4-4ain (black),29999, ,https://m.media-amazon.com/images/I/612oGaxp3DS._AC_UY218_.jpg,0,mi,0.0,43
89,1.0,iffalcon 139 cm (55 inches) 4k ultra hd smart certified android led tv 55k71 (sliver) (2021 model)| with voice control,36990, ,https://m.media-amazon.com/images/I/71CR8r2rrWL._AC_UY218_.jpg,0,iffalcon,0.0,55
90,0.0,onida 108 cm (43 inches) full hd smart led fire tv 43fif1 (black) (2021 model) | voice remote with alexa,27999, ,https://m.media-amazon.com/images/I/81hQC8nkWgL._AC_UY218_.jpg,1,onida,1.0,43
91,1.0,sony bravia 108 cm (43 inches) 4k ultra hd smart android led tv kd-43x74 (black) (2021 model) | with alexa compatibility,57990, ,https://m.media-amazon.com/images/I/81zeKI1IG9L._AC_UY218_.jpg,1,sony,0.0,43
92,0.0,dylect 80 cm (32 inches) hd ready led tv 32ips30h (black) (2020 model),10990,4.0,https://m.media-amazon.com/images/I/91B8Cy75z5S._AC_UY218_.jpg,0,dylect,1.0,32
93,1.0,samsung 125 cm (50 inches) crystal 4k series ultra hd smart led tv ua50aue60aklxl (black) (2021 model),51990, ,https://m.media-amazon.com/images/I/61GwJAhftvS._AC_UY218_.jpg,0,samsung,0.0,50
94,0.0,skywall 107.86 cm (43 inches) full hd led smart tv 43sw-vs (black) (2021 model) | with voice assistant,21499, ,https://m.media-amazon.com/images/I/91Ud9ep9FiL._AC_UY218_.jpg,0,skywall,1.0,43
95,1.0,kodak 139 cm (55 inches) 4k ultra hd certified android led tv 55uhdx7xpro (black) (2020 model),34999, ,https://m.media-amazon.com/images/I/81bek-kCqvL._AC_UY218_.jpg,0,kodak,0.0,55
96,1.0,samsung 138 cm (55 inches) crystal 4k series ultra hd smart led tv ua55aue60aklxl (black) (2021 model),55990, ,https://m.media-amazon.com/images/I/61GwJAhftvS._AC_UY218_.jpg,0,samsung,0.0,55
97,1.0,samsung 138 cm (55 inches) crystal 4k series ultra hd smart led tv ua55aue60aklxl (black) (2021 model),55990, ,https://m.media-amazon.com/images/I/61GwJAhftvS._AC_UY218_.jpg,0,samsung,0.0,55
98,0.0,dyanora dy-ld40h3s 100 cm (40 inches) hd ready smart led tv (2021 model),18999, ,https://m.media-amazon.com/images/I/61yKjqzqo0L._AC_UY218_.jpg,0,dyanora,1.0,40
99,1.0,oneplus 138.7 cm (55 inches) u series 4k led smart android tv 55u1s (black) (2021 model),52999,4.2,https://m.media-amazon.com/images/I/61eTK1VEP0S._AC_UY218_.jpg,0,oneplus,0.0,55
100,1.0,mi 125.7 cm (50 inches) 4k ultra hd android smart led tv 4x|l50m5-5ain (black),38999, ,https://m.media-amazon.com/images/I/61V7cDH8AAS._AC_UY218_.jpg,0,mi,0.0,50
101,1.0,amazonbasics 139cm (55 inch) 4k ultra hd smart led fire tv ab55u20ps (black),44999,4.1,https://m.media-amazon.com/images/I/71AqQyCMmeL._AC_UY218_.jpg,0,amazonbasics,0.0,55
102,0.0,sony bravia 80 cm (32 inches) hd ready smart android led tv kd-32w830 (black) (2021 model) | with alexa compatibility,32990, ,https://m.media-amazon.com/images/I/816YgJWsveS._AC_UY218_.jpg,1,sony,1.0,32
103,1.0,redmi 139 cm (55 inches) 4k ultra hd android smart led tv x55|l55m6-ra (black) (2021 model),45999, ,https://m.media-amazon.com/images/I/91-PrDtO8eL._AC_UY218_.jpg,0,redmi,0.0,55
104,1.0,mi 138.8 cm (55 inches) 4k ultra hd android smart led tv 4x|l55m5-5xin (black),44999, ,https://m.media-amazon.com/images/I/61V7cDH8AAS._AC_UY218_.jpg,0,mi,0.0,55
105,0.0,kevin 80 cm (32 inches) hd ready led tv k56u912 (black) (2021 model),12399,4.2,https://m.media-amazon.com/images/I/813rALWIV1L._AC_UY218_.jpg,0,kevin,1.0,32
106,1.0,tcl 139 cm (55 inches) ai 4k ultra hd certified android smart led tv 55p715 (silver) (2020 model) | with remote less voice control,41999, ,https://m.media-amazon.com/images/I/81JMkz+KNoL._AC_UY218_.jpg,0,tcl,0.0,55
107,1.0,redmi 126 cm (50 inches) 4k ultra hd android smart led tv x50|l50m6-ra (black) (2021 model),38999, ,https://m.media-amazon.com/images/I/81sscKjSPiL._AC_UY218_.jpg,0,redmi,0.0,50
108,0.0,akai 80 cm (32 inches) hd ready smart led tv aklt32s-d329w (black) (2021 model),15990, ,https://m.media-amazon.com/images/I/713K6AdnpZL._AC_UY218_.jpg,0,akai,1.0,32
109,1.0,samsung 138 cm (55 inches) crystal 4k pro series ultra hd smart led tv ua55aue70aklxl (black) (2021 model),57990, ,https://m.media-amazon.com/images/I/61GwJAhftvS._AC_UY218_.jpg,0,samsung,0.0,55
110,0.0,adsun 80 cm (32 inches) hd ready smart led tv 32aesl1 (black) (2019 model),11799,3.8,https://m.media-amazon.com/images/I/61BPfPHWclS._AC_UY218_.jpg,0,adsun,1.0,32
111,0.0,sanyo 108 cm (43 inches) kaizen series full hd certified android led tv xt-43fhd4s (black) (2020 model),26999, ,https://m.media-amazon.com/images/I/81CU76hBEyL._AC_UY218_.jpg,0,sanyo,1.0,43
112,1.0,vu 139 cm (55 inches) 4k ultra hd smart android led tv 55ut (black) (2020 model) | with 5-hotkeys,43999, ,https://m.media-amazon.com/images/I/611376x4eIL._AC_UY218_.jpg,0,vu,0.0,55
113,1.0,sony bravia 138.8 cm (55 inches) 4k ultra hd certified android led tv 55x7500h (black) (2020 model),70990, ,https://m.media-amazon.com/images/I/91QD0vRZdVL._AC_UY218_.jpg,0,sony,0.0,55
114,1.0,toshiba 108 cm (43 inches) vidaa os series 4k ultra hd smart led tv 43u5050 (black) (2020 model) | with dolby vision and atmos,28990,4.2,https://m.media-amazon.com/images/I/51d-5pT0YsS._AC_UY218_.jpg,0,toshiba,0.0,43
115,1.0,tcl 108 cm (43 inches) 4k ultra hd certified android smart led tv 43p615 (black) (2020 model) | with dolby audio,29990, ,https://m.media-amazon.com/images/I/71nsCYdploL._AC_UY218_.jpg,0,tcl,0.0,43
116,1.0,tcl 126 cm (50 inches) 4k ultra hd certified android smart led tv 50p615 (black) (2020 model) | with dolby audio,33990, ,https://m.media-amazon.com/images/I/71nsCYdploL._AC_UY218_.jpg,0,tcl,0.0,50
117,1.0,redmi 126 cm (50 inches) 4k ultra hd android smart led tv x50|l50m6-ra (black) (2021 model),38999, ,https://m.media-amazon.com/images/I/81sscKjSPiL._AC_UY218_.jpg,0,redmi,0.0,50
118,0.0,kevin 80 cm (32 inches) hd ready led smart tv k32cv338h (black) (2021 model),13499,4.2,https://m.media-amazon.com/images/I/71X5tA21CRL._AC_UY218_.jpg,0,kevin,1.0,32
119,0.0,onida 80 cm (32 inches) hd ready smart led fire tv 32hif1 (black) (2021 model) | voice remote with alexa,18999, ,https://m.media-amazon.com/images/I/81eo9NYVifL._AC_UY218_.jpg,1,onida,1.0,32
120,1.0,mi 138.8 cm (55 inches) 4k ultra hd android smart led tv 4x|l55m5-5xin (black),44999, ,https://m.media-amazon.com/images/I/61V7cDH8AAS._AC_UY218_.jpg,0,mi,0.0,55
121,0.0,foxsky 108 cm (43 inches) full hd smart led tv 43fs-vs (black) (2021 model) | with voice assistant,21999, ,https://m.media-amazon.com/images/I/81oWdGaehFL._AC_UY218_.jpg,0,foxsky,1.0,43
122,1.0,kodak 108 cm (43 inches) 4k ultra hd certified android led tv 43uhdx7xpro (black) (2020 model),26999, ,https://m.media-amazon.com/images/I/81bek-kCqvL._AC_UY218_.jpg,0,kodak,0.0,43
123,1.0,sony bravia 164 cm (65 inches) 4k ultra hd smart led google tv kd-65x80aj (black) (2021 model) | with alexa compatibility,119990, ,https://m.media-amazon.com/images/I/81rFvuvqaNL._AC_UY218_.jpg,1,sony,0.0,65
124,1.0,oneplus 125.7 cm (50 inches) u series 4k led smart android tv 50u1s (black) (2021 model),46999,4.2,https://m.media-amazon.com/images/I/71Sdj04A8dS._AC_UY218_.jpg,0,oneplus,0.0,50
125,1.0,tcl 164 cm (65 inches) 4k ultra hd certified android smart led tv 65p615 (black) (2020 model),58900, ,https://m.media-amazon.com/images/I/71nsCYdploL._AC_UY218_.jpg,0,tcl,0.0,65
126,0.0,amazonbasics 108cm (43 inch) full hd smart led fire tv ab43e10ds (black),27999,4.1,https://m.media-amazon.com/images/I/71m0Nn4vqOL._AC_UY218_.jpg,0,amazonbasics,1.0,43
127,1.0,redmi 164 cm (65 inches) 4k ultra hd android smart led tv x65|l65m6-ra (black) (2021 model),62999, ,https://m.media-amazon.com/images/I/81+olvrT65L._AC_UY218_.jpg,0,redmi,0.0,65
128,1.0,lg 109.2 cm (43 inches) 4k ultra hd smart led tv 43up7720pty (light black) (2021 model),43999,4.2,https://m.media-amazon.com/images/I/81PkjEEviVL._AC_UY218_.jpg,0,lg,0.0,43
129,1.0,hisense 108 cm (43 inches) 4k ultra hd smart certified android led tv 43a6ge (black) (2021 model) | with dolby vision and atmos,31990, ,https://m.media-amazon.com/images/I/71ao31dcPoL._AC_UY218_.jpg,0,hisense,0.0,43
130,1.0,amazonbasics 139cm (55 inch) 4k ultra hd smart led fire tv ab55u20ps (black),44999,4.1,https://m.media-amazon.com/images/I/71AqQyCMmeL._AC_UY218_.jpg,0,amazonbasics,0.0,55
131,0.0,skywall 60.96 cm (24 inches) hd ready led tv 24swn (black) (2021 model),8399, ,https://m.media-amazon.com/images/I/81su1-wZQYL._AC_UY218_.jpg,0,skywall,1.0,24
132,1.0,mi 125.7 cm (50 inches) 4k ultra hd android smart led tv 4x|l50m5-5ain (black),38999, ,https://m.media-amazon.com/images/I/61V7cDH8AAS._AC_UY218_.jpg,0,mi,0.0,50
133,0.0,skywall 60.96 cm (24 inches) hd ready led tv 24swn (black) (2021 model),8399, ,https://m.media-amazon.com/images/I/81su1-wZQYL._AC_UY218_.jpg,0,skywall,1.0,24
134,0.0,dyanora dy-ld24h0s 60 cm (24 inches) hd ready smart led tv (2021 model),9699, ,https://m.media-amazon.com/images/I/61OUTrozM4L._AC_UY218_.jpg,0,dyanora,1.0,24
135,1.0,iffalcon 108 cm (43 inches) 4k ultra hd smart certified android led tv 43k71 (silver) (2021 model)| with voice control,28999, ,https://m.media-amazon.com/images/I/71CR8r2rrWL._AC_UY218_.jpg,0,iffalcon,0.0,43
136,1.0,lg 139.7 cm (55 inches) 4k ultra hd smart nanocell tv 55nano73tpz (ashed blue) (2021 model),82990, ,https://m.media-amazon.com/images/I/71w4Asb1N0S._AC_UY218_.jpg,0,lg,0.0,55
137,0.0,panasonic 100 cm (40 inches) full hd android smart led tv th-40hs450dx (black) (2020 model),32239, ,https://m.media-amazon.com/images/I/91auveGcURL._AC_UY218_.jpg,0,panasonic,1.0,40
138,1.0,toshiba 126 cm (50 inches) vidaa os series 4k ultra hd smart led tv 50u5050 (black) (2020 model) | with dolby vision and atmos,34990,4.2,https://m.media-amazon.com/images/I/51d-5pT0YsS._AC_UY218_.jpg,0,toshiba,0.0,50
139,1.0,samsung 163 cm (65 inches) crystal 4k pro series ultra hd smart led tv ua65aue70aklxl (black) (2021 model),91990, ,https://m.media-amazon.com/images/I/61GwJAhftvS._AC_UY218_.jpg,0,samsung,0.0,65
140,0.0,adsun 60 cm (24 inches) hd ready ips led tv a - 2400n (black) (2019 model),7999,3.8,https://m.media-amazon.com/images/I/5173WlOkTeS._AC_UY218_.jpg,0,adsun,1.0,24
141,0.0,samsung 80 cm (32 inches) hd ready led tv 32t4050 (black) (2020 model),17290,4.0,https://m.media-amazon.com/images/I/81GmWPpl-vL._AC_UY218_.jpg,0,samsung,1.0,32
142,1.0,sony bravia 139 cm (55 inches) 4k ultra hd smart led google tv kd-55x80aj (black) (2021 model) | with alexa compatibility,83990, ,https://m.media-amazon.com/images/I/81t9bFDmxBS._AC_UY218_.jpg,1,sony,0.0,55
143,1.0,kodak 126 cm (50 inches) 4k ultra hd certified android led tv 50uhdx7xpro (black) (2020 model),32999, ,https://m.media-amazon.com/images/I/81QF9JK5qWL._AC_UY218_.jpg,0,kodak,0.0,50
144,0.0,sony bravia 80 cm (32 inches) hd ready smart android led tv kd-32w820 (black) (2021 model) | with alexa compatibility,31900, ,https://m.media-amazon.com/images/I/81IYJG9LSgS._AC_UY218_.jpg,1,sony,1.0,32
145,0.0,philips 108 cm (43 inches) full hd led smart tv 43pft6815/94 (black) (2021 model) | with pixel precise hd,28999,3.9,https://m.media-amazon.com/images/I/81sZG5zuWGL._AC_UY218_.jpg,0,philips,1.0,43
146,0.0,shinco 109 cm (43 inches) full hd smart led tv so43as (black) (2021 model) | with alexa built-in,21990,4.2,https://m.media-amazon.com/images/I/7183sd3WVJL._AC_UY218_.jpg,1,shinco,1.0,43
147,0.0,adsun 80 cm (32 inches) hd ready smart led tv 32aesl1 (black) (2019 model),11799,3.8,https://m.media-amazon.com/images/I/61BPfPHWclS._AC_UY218_.jpg,0,adsun,1.0,32
148,0.0,sony bravia 80 cm (32 inches) hd ready smart led tv 32w6100 (black) (2020 model),27097, ,https://m.media-amazon.com/images/I/81lK-w3btdL._AC_UY218_.jpg,0,sony,1.0,32
149,0.0,akai 98 cm (40 inches) full hd smart led tv aklt40s-d409w (black) (2021 model),22500, ,https://m.media-amazon.com/images/I/71FcGnVkB3L._AC_UY218_.jpg,0,akai,1.0,40
150,1.0,redmi 164 cm (65 inches) 4k ultra hd android smart led tv x65|l65m6-ra (black) (2021 model),62999, ,https://m.media-amazon.com/images/I/81+olvrT65L._AC_UY218_.jpg,0,redmi,0.0,65
151,1.0,samsung 163 cm (65 inches) crystal 4k series ultra hd smart led tv ua65aue60aklxl (black) (2021 model),87990, ,https://m.media-amazon.com/images/I/61GwJAhftvS._AC_UY218_.jpg,0,samsung,0.0,65
152,1.0,adsun 127 cm (50 inches) 4k ultra hd smart led tv 50aesl1 (black) (2019 model),28999,3.8,https://m.media-amazon.com/images/I/61E3g-5iC8L._AC_UY218_.jpg,0,adsun,0.0,50
153,0.0,foxsky 101.6 cm (40 inches) full hd smart led tv 40fs (black) (2021 model) | with voice assistant,18699, ,https://m.media-amazon.com/images/I/81amo2VpH7L._AC_UY218_.jpg,0,foxsky,1.0,40
154,1.0,lg 109.2 cm (43 inches) 4k ultra hd smart led tv 43up7720pty (light black) (2021 model),43999,4.2,https://m.media-amazon.com/images/I/81PkjEEviVL._AC_UY218_.jpg,0,lg,0.0,43
155,1.0,vu 126 cm (50 inches) 4k ultra hd cinema android smart led tv 50ca (black) | with 40w front soundbar,40999,4.2,https://m.media-amazon.com/images/I/61e-K-IQ6XL._AC_UY218_.jpg,0,vu,0.0,50
156,0.0,akai 108 cm (43 inches) full hd smart led fire tv aklt43s-dfs6t (black) (2020 model) | voice remote with alexa,29999, ,https://m.media-amazon.com/images/I/71gzXaNgH1S._AC_UY218_.jpg,1,akai,1.0,43
157,0.0,foxsky 80 cm (32 inches) full hd smart led tv 32fs-vs (black) (2021 model) | with voice assistant,14649, ,https://m.media-amazon.com/images/I/91fjS7u7OeL._AC_UY218_.jpg,0,foxsky,1.0,32
158,1.0,toshiba 139 cm (55 inches) vidaa os series 4k ultra hd smart led tv 55u5050 (black) (2020 model) | with dolby vision and atmos,39990,4.2,https://m.media-amazon.com/images/I/51d-5pT0YsS._AC_UY218_.jpg,0,toshiba,0.0,55
159,1.0,tcl 139 cm (55 inches) 4k ultra hd certified android smart led tv 55p615 (black) (2020 model) | with dolby audio,40999, ,https://m.media-amazon.com/images/I/71nsCYdploL._AC_UY218_.jpg,0,tcl,0.0,55
160,1.0,hisense 146 cm (58 inches) 4k ultra hd smart certified android led tv 58a71f (black) (2020 model) | with dolby vision and atmos,43990,4.2,https://m.media-amazon.com/images/I/61fgCxYSR0S._AC_UY218_.jpg,0,hisense,0.0,58
161,1.0,redmi 139 cm (55 inches) 4k ultra hd android smart led tv x55|l55m6-ra (black) (2021 model),45999, ,https://m.media-amazon.com/images/I/91-PrDtO8eL._AC_UY218_.jpg,0,redmi,0.0,55
162,0.0,akai 108 cm (43 inches) full hd smart led fire tv aklt43s-dfs6t (black) (2020 model) | voice remote with alexa,29999, ,https://m.media-amazon.com/images/I/71gzXaNgH1S._AC_UY218_.jpg,1,akai,1.0,43
163,0.0,tcl 108 cm (43 inches) full hd certified android smart led tv 43s6500fs (black) (2020 model),27499,4.2,https://m.media-amazon.com/images/I/71PysjPDxbS._AC_UY218_.jpg,0,tcl,1.0,43
164,0.0,lg 80 cms (32 inches) hd ready led smart tv 32lm560bptc with ips display & webos (2019 model),19419, ,https://m.media-amazon.com/images/I/81Yy5UF05tL._AC_UY218_.jpg,0,lg,1.0,32
165,1.0,samsung 138 cm (55 inches) the frame series 4k ultra hd smart qled tv qa55ls03aaklxl (black) (2021 model),93990, ,https://m.media-amazon.com/images/I/71YDVrHosvS._AC_UY218_.jpg,0,samsung,0.0,55
166,1.0,tcl 138.7 cm (55 inches) 4k ultra hd certified android smart qled tv 55c715 (metallic black) (2020 model) | with remote less voice control,52999, ,https://m.media-amazon.com/images/I/71lB4sbXs7L._AC_UY218_.jpg,0,tcl,0.0,55
167,0.0,kodak 108 cm (43 inches) full hd certified android led tv 43fhdx7xprobl (black) (2021 model),25999, ,https://m.media-amazon.com/images/I/81McLtxdH+L._AC_UY218_.jpg,0,kodak,1.0,43
168,0.0,lumx 60 cm (24 inches) hd ready led tv 24za452 (black) (2021 model),8399,4.0,https://m.media-amazon.com/images/I/71H8oHmD1wL._AC_UY218_.jpg,0,lumx,1.0,24
169,1.0,philips 126 cm (50 inches) 4k ultra hd led android smart tv 50put8215/94 (black) (2021 model) | with voice assistant,46999, ,https://m.media-amazon.com/images/I/71jj8z2WkxS._AC_UY218_.jpg,0,philips,0.0,50
170,1.0,samsung 163 cm (65 inches) the frame series 4k ultra hd smart qled tv qa65ls03aaklxl (black) (2021 model),129990, ,https://m.media-amazon.com/images/I/71YDVrHosvS._AC_UY218_.jpg,0,samsung,0.0,65
171,0.0,amazonbasics 80cm (32 inch) hd ready smart led fire tv ab32e10ss (black) (2020 model),16999,4.1,https://m.media-amazon.com/images/I/71m0Nn4vqOL._AC_UY218_.jpg,0,amazonbasics,1.0,32
172,1.0,onida 138 cm (55 inches) 4k ultra hd smart ips led fire tv 55uif (black) (2021 model) | voice remote with alexa,48999, ,https://m.media-amazon.com/images/I/81GgBrWCf3L._AC_UY218_.jpg,1,onida,0.0,55
173,1.0,"haier 109 cm (43 inches) 4k bezel less google android tv - smart ai plus (le43k6600uga,black 2020 model)",35999, ,https://m.media-amazon.com/images/I/31NeTTAibML._AC_UY218_.jpg,0,haier,0.0,43
174,1.0,samsung 138 cm (55 inches) 4k ultra hd smart led tv ua55tu8200kxxl (black) (2020 model),58950, ,https://m.media-amazon.com/images/I/91rCLxSe+DL._AC_UY218_.jpg,0,samsung,0.0,55
175,0.0,kodak 108 cm (43 inches) full hd certified android led tv 43fhdx7xprobl (black) (2021 model),25999, ,https://m.media-amazon.com/images/I/81McLtxdH+L._AC_UY218_.jpg,0,kodak,1.0,43
176,0.0,lumx 60 cm (24 inches) hd ready led tv 24za452 (black) (2021 model),8399,4.0,https://m.media-amazon.com/images/I/71H8oHmD1wL._AC_UY218_.jpg,0,lumx,1.0,24
177,1.0,samsung 163 cm (65 inches) the frame series 4k ultra hd smart qled tv qa65ls03aaklxl (black) (2021 model),129990, ,https://m.media-amazon.com/images/I/71YDVrHosvS._AC_UY218_.jpg,0,samsung,0.0,65
178,1.0,sony bravia 108 cm (43 inches) 4k ultra hd smart led google tv kd-43x80j (black) (2021 model) | with alexa compatibility,69338, ,https://m.media-amazon.com/images/I/81FLRLCg+4S._AC_UY218_.jpg,1,sony,0.0,43
179,0.0,foxsky 101.6 cm (40 inches) full hd smart led tv 40fsfhs (black) (2021 model),17099, ,https://m.media-amazon.com/images/I/81nn4EeRVaL._AC_UY218_.jpg,0,foxsky,1.0,40
180,1.0,lg 164 cm (65 inches) 4k ultra hd smart ips led tv 65um7290ptd (ceramic black) (2020 model),79990, ,https://m.media-amazon.com/images/I/81bI+7BWWeL._AC_UY218_.jpg,0,lg,0.0,65
181,1.0,kodak 108 cm (43 inches) 4k ultra hd smart led tv 43ca2022 (black) (2021 model) | with dolby digital plus & dts tru surround,28999, ,https://m.media-amazon.com/images/I/81sFZTH5lcL._AC_UY218_.jpg,0,kodak,0.0,43
182,0.0,adsun 60 cm (24 inches) hd ready ips led tv a - 2400n (black) (2019 model),7999,3.8,https://m.media-amazon.com/images/I/5173WlOkTeS._AC_UY218_.jpg,0,adsun,1.0,24
183,0.0,candes 108 cm (43 inches) full hd smart android led tv ctpl43ef1s (black) (2021 model),22499, ,https://m.media-amazon.com/images/I/81xAyezGmCL._AC_UY218_.jpg,0,candes,1.0,43
184,1.0,philips 126 cm (50 inches) 4k ultra hd led android smart tv 50put8215/94 (black) (2021 model) | with voice assistant,46999, ,https://m.media-amazon.com/images/I/71jj8z2WkxS._AC_UY218_.jpg,0,philips,0.0,50
185,0.0,micromax 81 cm (32 inch) hd ready certified android smart led tv 32ta6445hd (black) (2019 model),17999,4.1,https://m.media-amazon.com/images/I/81C3Qe4eigL._AC_UY218_.jpg,0,micromax,1.0,32
186,1.0,lg 165.1 cm (65 inches) 4k ultra hd smart led tv 65up7720pty (light black) (2021 model),89999,4.2,https://m.media-amazon.com/images/I/812tbUxSA2L._AC_UY218_.jpg,0,lg,0.0,65
187,1.0,tcl 125.7 cm (50 inches) 4k ultra hd certified android smart qled tv 50c715 (metallic black) (2020 model) | with remote less voice control,46915,4.2,https://m.media-amazon.com/images/I/71lB4sbXs7L._AC_UY218_.jpg,0,tcl,0.0,50
188,1.0,sony bravia 108 cm (43 inches) 4k ultra hd smart android led tv kd-43x75 (black) (2021 model) | with alexa compatibility,61740, ,https://m.media-amazon.com/images/I/91d84JjR1aS._AC_UY218_.jpg,1,sony,0.0,43
189,1.0,philips 139 cm (55 inches) 4k uhd led android smart tv 55put8215/94 (black) (2021 model) | with voice assistant,52990,4.2,https://m.media-amazon.com/images/I/81v5x50PVTL._AC_UY218_.jpg,0,philips,0.0,55
190,1.0,tcl 164 cm (65 inches) ai 4k ultra hd certified android smart led tv 65p715 (silver) (2020 model),63999, ,https://m.media-amazon.com/images/I/81JMkz+KNoL._AC_UY218_.jpg,0,tcl,0.0,65
191,1.0,iffalcon 139 cm (55 inches) 4k ultra hd certified android smart qled tv 55h71 (metallic black) (2021 model) | dolby vision & atmos,47999, ,https://m.media-amazon.com/images/I/714McYLj69L._AC_UY218_.jpg,0,iffalcon,0.0,55
192,1.0,hisense 126 cm (50 inches) 4k ultra hd smart certified android led tv 50a73f (metal gray) (2021 model) | with 102w jbl speakers,44999, ,https://m.media-amazon.com/images/I/61ndoSUeRKL._AC_UY218_.jpg,0,hisense,0.0,50
193,0.0,dylect 80 cm (32 inches) hd ready smart led tv 32ips20s (black) (2020 model),14599,4.2,https://m.media-amazon.com/images/I/71bLye3ffSS._AC_UY218_.jpg,0,dylect,1.0,32
194,1.0,kodak 139 cm (55 inches) 4k ultra hd smart led tv 55ca0909 (black) (2021 model) | with dolby digital plus & dts tru surround,37999, ,https://m.media-amazon.com/images/I/81sFZTH5lcL._AC_UY218_.jpg,0,kodak,0.0,55
195,0.0,eairtec 109 cms (43 inches) full hd smart led tv 43atdj (black) (2020 model)…,19500,3.9,https://m.media-amazon.com/images/I/61gfU-jC9dS._AC_UY218_.jpg,0,eairtec,1.0,43
196,0.0,philips 80 cm (32 inches) 4200 series hd ready led tv 32pht4233s/94 (black),18490,4.1,https://m.media-amazon.com/images/I/81h8M3HwWuL._AC_UY218_.jpg,0,philips,1.0,32
197,1.0,samsung 163 cm (65 inches) crystal 4k pro series ultra hd smart led tv ua65aue70aklxl (black) (2021 model),91990, ,https://m.media-amazon.com/images/I/61GwJAhftvS._AC_UY218_.jpg,0,samsung,0.0,65
198,0.0,aqua 81 cm (32 inches) hd ready smart led tv 32 sm vc (black) (2021 model),11999, ,https://m.media-amazon.com/images/I/61IX2ADBRwL._AC_UY218_.jpg,0,aqua,1.0,32
199,1.0,shinco 126 cm (50 inches) 4k ultra hd smart led tv so50flq (black) (2021 model),30499,4.0,https://m.media-amazon.com/images/I/71uTO4+M26L._AC_UY218_.jpg,0,shinco,0.0,50
200,0.0,skywall 81.28 cm (32 inches) full hd smart led tv 32sw-vs (black) (2021 model) | with voice assistant,13999, ,https://m.media-amazon.com/images/I/91BR-Sk0uyL._AC_UY218_.jpg,0,skywall,1.0,32
201,0.0,foxsky 60.96 cm (24 inches) hd ready led tv 24fsn (black) (2021 model),8799,3.9,https://m.media-amazon.com/images/I/81+WVciW+aL._AC_UY218_.jpg,0,foxsky,1.0,24
202,1.0,kodak 126 cm (50 inches) 4k ultra hd smart led tv 50ca7077 (black) (2021 model) | with dolby digital plus & dts tru surround,34999, ,https://m.media-amazon.com/images/I/81sFZTH5lcL._AC_UY218_.jpg,0,kodak,0.0,50
203,0.0,samsung 80 cm (32 inches) hd ready smart led tv ua32t4350akxxl (glossy black) (2020 model),20790,4.1,https://m.media-amazon.com/images/I/81b3zUT5SXL._AC_UY218_.jpg,0,samsung,1.0,32
204,1.0,tcl 138.7 cm (55 inches) 4k ultra hd certified android smart qled tv 55c725 (black) (2021 model) | with video call camera,72990,4.0,https://m.media-amazon.com/images/I/71Pub3l59SL._AC_UY218_.jpg,0,tcl,0.0,55
205,1.0,sony bravia 189 cm (75 inches) 4k ultra hd smart led google tv kd-75x80j (black) (2021 model) | with alexa compatibility,208989, ,https://m.media-amazon.com/images/I/81P7iSxFzzS._AC_UY218_.jpg,1,sony,0.0,75
206,1.0,hisense 126 cm (50 inches) 4k ultra hd smart certified android led tv 50a73f (metal gray) (2021 model) | with 102w jbl speakers,44999, ,https://m.media-amazon.com/images/I/61ndoSUeRKL._AC_UY218_.jpg,0,hisense,0.0,50
207,0.0,kevin 109 cm (43 inches) full hd smart led tv kn43alexa (black) (2021 model) | with alexa built-in,22499,4.1,https://m.media-amazon.com/images/I/7129zCxnHuL._AC_UY218_.jpg,1,kevin,1.0,43
208,1.0,lg 109.2 cm (43 inches) 4k ultra hd smart nanocell tv 43nano73tpz (ashed blue) (2021 model),52990, ,https://m.media-amazon.com/images/I/71MHePL2iHS._AC_UY218_.jpg,0,lg,0.0,43
209,1.0,hisense 126 cm (50 inches) 4k ultra hd smart certified android led tv 50a73f (metal gray) (2021 model) | with 102w jbl speakers,44999, ,https://m.media-amazon.com/images/I/61ndoSUeRKL._AC_UY218_.jpg,0,hisense,0.0,50
210,1.0,hisense 139 cm (55 inches) 4k ultra hd smart certified android led tv 55a71f (black) (2020 model) | with dolby vision and atmos,39999,4.2,https://m.media-amazon.com/images/I/61fgCxYSR0S._AC_UY218_.jpg,0,hisense,0.0,55
211,0.0,dyanora 60 cm (24 inches) hd ready led tv dy-ld24h0n (black) (2021 model),8699, ,https://m.media-amazon.com/images/I/71d0JjeTshL._AC_UY218_.jpg,0,dyanora,1.0,24
212,1.0,samsung 108 cm (43 inches) the frame series 4k ultra hd smart qled tv qa43ls03aaklxl (black) (2021 model),61990, ,https://m.media-amazon.com/images/I/71YDVrHosvS._AC_UY218_.jpg,0,samsung,0.0,43
213,1.0,sony bravia 164 cm (65 inches) 4k ultra hd smart led google tv kd-65x80j (black) (2021 model) | with alexa compatibility,128239, ,https://m.media-amazon.com/images/I/81P7iSxFzzS._AC_UY218_.jpg,1,sony,0.0,65
214,1.0,samsung 125 cm (50 inches) the frame series 4k ultra hd smart qled tv qa50ls03aaklxl (black) (2021 model),77990, ,https://m.media-amazon.com/images/I/71YDVrHosvS._AC_UY218_.jpg,0,samsung,0.0,50
215,0.0,samsung 138 cm (55 inches) wondertainment series ultra hd led smart tv ua55tue60akxxl (titan gray) (2020 model),51999, ,https://m.media-amazon.com/images/I/71Gp8RVxmhL._AC_UY218_.jpg,0,samsung,1.0,55
216,1.0,shinco 109 cm (43 inches) 4k ultra hd smart led tv s43uqls (black) (2021 model),24999,4.2,https://m.media-amazon.com/images/I/71jwcLroWCL._AC_UY218_.jpg,0,shinco,0.0,43
217,1.0,sony bravia 139 cm (55 inches) 4k ultra hd smart led google tv kd-55x80j (black) (2021 model) | with alexa compatibility,90240, ,https://m.media-amazon.com/images/I/81P7iSxFzzS._AC_UY218_.jpg,1,sony,0.0,55
218,1.0,panasonic 147 cm (58 inches) 4k ultra hd certified android smart led tv th-58hx450dx (black) (2020 model),54990, ,https://m.media-amazon.com/images/I/91LzCxOO3fL._AC_UY218_.jpg,0,panasonic,0.0,58
219,1.0,tcl 125.7 cm (50 inches) 4k ultra hd certified android smart qled tv 50c725 (black) (2021 model) | with video call camera,63999,4.0,https://m.media-amazon.com/images/I/71Pub3l59SL._AC_UY218_.jpg,0,tcl,0.0,50
220,0.0,lloyd 80cm (32 inches) hd smart led tv (32hs451c),20911, ,https://m.media-amazon.com/images/I/51aG210zpLL._AC_UY218_.jpg,0,lloyd,1.0,32
221,1.0,sony bravia 126 cm (50 inches) 4k ultra hd smart android led tv kd-50x75 (black) (2021 model) | with alexa compatibility,75989, ,https://m.media-amazon.com/images/I/91d84JjR1aS._AC_UY218_.jpg,1,sony,0.0,50
222,0.0,lg 80 cms (32 inches) hd ready smart led tv 32lm636bptb (dark iron gray) (2019 model),23620, ,https://m.media-amazon.com/images/I/91zs--uVuzL._AC_UY218_.jpg,0,lg,1.0,32
223,1.0,hisense 164 cm (65 inches) 4k ultra hd smart certified android led tv 65a73f (black) (2021 model) | with jbl 6 speaker system,72990, ,https://m.media-amazon.com/images/I/61PjcI+TxTS._AC_UY218_.jpg,0,hisense,0.0,65
224,0.0,lloyd 80cm (32 inches) hd smart led tv (32hs451c),20911, ,https://m.media-amazon.com/images/I/51aG210zpLL._AC_UY218_.jpg,0,lloyd,1.0,32
225,0.0,candes 108 cm (43 inches) full hd smart android led tv ctpl43ef1s (black) (2021 model),22499, ,https://m.media-amazon.com/images/I/81xAyezGmCL._AC_UY218_.jpg,0,candes,1.0,43
226,1.0,lg 165.1 cm (65 inches) 4k ultra hd smart nanocell tv 65nano73tpz (ashed blue) (2021 model),119061, ,https://m.media-amazon.com/images/I/71aIIcuPKNS._AC_UY218_.jpg,0,lg,0.0,65
227,1.0,sony bravia 126 cm (50 inches) 4k ultra hd smart android led tv kd-50x75 (black) (2021 model) | with alexa compatibility,75989, ,https://m.media-amazon.com/images/I/91d84JjR1aS._AC_UY218_.jpg,1,sony,0.0,50
228,0.0,samsung 108 cm (43 inches) full hd led smart tv ua43t5350akxxl (glossy black) (2020 model),38890,4.0,https://m.media-amazon.com/images/I/81KmQgqAcfL._AC_UY218_.jpg,0,samsung,1.0,43
229,1.0,sony bravia 139 cm (55 inches) 4k ultra hd smart led google tv kd-55x85j (black) (2021 model) | with alexa compatibility,113989, ,https://m.media-amazon.com/images/I/81aAdbBzGTS._AC_UY218_.jpg,1,sony,0.0,55
230,1.0,sony bravia 195 cm (77 inches) xr series 4k ultra hd smart oled google tv xr-77a80j (black) (2021 model) | with alexa compatibility,522490,4.2,https://m.media-amazon.com/images/I/8116TOvxtsL._AC_UY218_.jpg,1,sony,0.0,77
231,1.0,onida 138 cm (55 inches) 4k ultra hd smart ips led fire tv 55uif (black) (2021 model) | voice remote with alexa,48999, ,https://m.media-amazon.com/images/I/81GgBrWCf3L._AC_UY218_.jpg,1,onida,0.0,55
232,0.0,koryo 109 cm (43 inches) full hd led tv kle43fnflf72t (black) (2019 model),18999,3.8,https://m.media-amazon.com/images/I/81Zt9kYNJ2L._AC_UY218_.jpg,0,koryo,1.0,43
233,1.0,sony bravia 123 cm (49 inches) 4k ultra hd certified android led tv 49x8000h (black) (2020 model),75090, ,https://m.media-amazon.com/images/I/91F9nw-LGYL._AC_UY218_.jpg,0,sony,0.0,49
234,1.0,sony bravia 139 cm (55 inches) xr series 4k ultra hd smart full array led google tv xr-55x90j (black) (2021 model) | with alexa compatibility,142489, ,https://m.media-amazon.com/images/I/81Lh2jUJlfS._AC_UY218_.jpg,1,sony,0.0,55
235,1.0,lg 164 cm (65 inches) 4k ultra hd smart oled tv 65bxpta (dark steel silver) (2020 model),213120, ,https://m.media-amazon.com/images/I/71KVQa4N4zL._AC_UY218_.jpg,0,lg,0.0,65
236,0.0,dyanora dy-ld40h3s 100 cm (40 inches) hd ready smart led tv (2021 model),18999, ,https://m.media-amazon.com/images/I/61yKjqzqo0L._AC_UY218_.jpg,0,dyanora,1.0,40
237,0.0,boosh 32 inches smart full hd framless led tv,15999, ,https://m.media-amazon.com/images/I/21Bcqt0r--L._AC_UY218_.jpg,0,boosh,1.0,bo
238,0.0,panasonic 80 cm (32 inches) hd ready smart android led tv th-32js650 (black) (2021 model),21500, ,https://m.media-amazon.com/images/I/41ur6aWlA3L._AC_UY218_.jpg,0,panasonic,1.0,32
239,1.0,hisense 139 cm (55 inches) 4k ultra hd smart certified android led tv 55a71f (black) (2020 model) | with dolby vision and atmos,39999,4.2,https://m.media-amazon.com/images/I/61fgCxYSR0S._AC_UY218_.jpg,0,hisense,0.0,55
240,0.0,candes 60 cm (24 inches) hd ready smart android led tv ctpl24ef512s (black) (2021 model),10999, ,https://m.media-amazon.com/images/I/81fMXYfeqJL._AC_UY218_.jpg,0,candes,1.0,24
241,1.0,vu 215cm (85 inches) the masterpiece 4k ultra hd android qled tv 85qpx (armani gold) (2020 model),279990, ,https://m.media-amazon.com/images/I/614rtkyy7tL._AC_UY218_.jpg,0,vu,0.0,85
242,0.0,shinco 80 cm (32 inches) hd ready smart led tv so328as (black) (2020 model) | with uniwall,13999,4.2,https://m.media-amazon.com/images/I/71o+yjf71WL._AC_UY218_.jpg,0,shinco,1.0,32
243,0.0,sony bravia 125.7 cm (50 inches) full hd led smart tv klv-50w672g (black) (2019 model),62300, ,https://m.media-amazon.com/images/I/81y7qQG1GvL._AC_UY218_.jpg,0,sony,1.0,50
244,0.0,hisense 80 cm (32 inches) hd ready smart certified android led tv 32a56e (black) (2020 model),16999,3.9,https://m.media-amazon.com/images/I/61KQ2UKNMFS._AC_UY218_.jpg,0,hisense,1.0,32
245,0.0,dyanora dy-ld32h2s 80 cm (32 inches) hd ready smart led tv (2021 model),13999, ,https://m.media-amazon.com/images/I/61Q2sbXJtDL._AC_UY218_.jpg,0,dyanora,1.0,32
246,0.0,lloyd 80cm (32 inches) hd android smart led tv (32hs301c),20799, ,https://m.media-amazon.com/images/I/4137EyrnFCL._AC_UY218_.jpg,0,lloyd,1.0,32
247,1.0,shinco 109 cm (43 inches) 4k ultra hd smart led tv s43uqls (black) (2021 model),24999,4.2,https://m.media-amazon.com/images/I/71jwcLroWCL._AC_UY218_.jpg,0,shinco,0.0,43
248,0.0,candes 101 cm (40 inches) full hd smart android led tv ctpl40e1s (black) (2021 model),18499, ,https://m.media-amazon.com/images/I/81zsXG84rvL._AC_UY218_.jpg,0,candes,1.0,40
249,0.0,power guard 80 cm (32 inches) hd ready smart android led tv pg 32 svc (black) (2021 model) | with voice command remote,15649, ,https://m.media-amazon.com/images/I/61fWXbTdrlL._AC_UY218_.jpg,0,power,1.0,32
250,0.0,samsung 80 cm (32 inches) hd ready led smart tv ua32t4550akxxl (titan gray) (2021 model),24800, ,https://m.media-amazon.com/images/I/91wuAtG7o7L._AC_UY218_.jpg,0,samsung,1.0,32
251,0.0,intex 98 cm (40 inches) hd ready led tv 4001 (black),19890, ,https://m.media-amazon.com/images/I/71vQKWc0PUL._AC_UY218_.jpg,0,intex,1.0,40
252,1.0,tcl 138.7 cm (55 inches) 4k ultra hd certified android qled tv 55c825 (graphite grey) (2021 model) | with mini led,107999,4.1,https://m.media-amazon.com/images/I/71RRIUTDevL._AC_UY218_.jpg,0,tcl,0.0,55
253,1.0,kevin 140 cm (55 inches) 4k ultra hd smart led tv kn55uhd-pro (black) (2021 model),36999,4.2,https://m.media-amazon.com/images/I/71ZJ3qXTc-L._AC_UY218_.jpg,0,kevin,0.0,55
254,1.0,vu 139 cm (55 inches) 4k ultra hd smart android led tv 55pm (black) (2020 model),43800, ,https://m.media-amazon.com/images/I/61KhrVzqVyL._AC_UY218_.jpg,0,vu,0.0,55
255,1.0,lg 165.1 cm (65 inches) 4k ultra hd smart led tv 65up7500ptz (rocky black) (2021 model),84999,4.2,https://m.media-amazon.com/images/I/81I1sw-FBgL._AC_UY218_.jpg,0,lg,0.0,65
256,1.0,shinco 126 cm (50 inches) 4k ultra hd smart led tv su50wos1 (black) (2021 model),36999, ,https://m.media-amazon.com/images/I/61F874HV3pS._AC_UY218_.jpg,0,shinco,0.0,50
257,1.0,sony bravia 123 cm (49 inches) 4k ultra hd certified android led tv 49x7500h (black) (2020 model),69900, ,https://m.media-amazon.com/images/I/91pBoYjYgSL._AC_UY218_.jpg,0,sony,0.0,49
258,1.0,lg 165.1 cm (65 inches) 4k ultra hd smart oled tv oled65b1ptz (black) (2021 model),224990, ,https://m.media-amazon.com/images/I/71Gu9vcwgWL._AC_UY218_.jpg,0,lg,0.0,65
259,1.0,tcl 163.9 cm (65 inches) 4k ultra hd certified android qled tv 65c825 (graphite grey) (2021 model) | with mini led,149990,4.1,https://m.media-amazon.com/images/I/71RRIUTDevL._AC_UY218_.jpg,0,tcl,0.0,65
260,1.0,"lg 4k 55nano80tna ultra hd smart nano cell tv (ceramic black, 139 cm/55 inches, 2020 model)",76990,4.1,https://m.media-amazon.com/images/I/71fTmsO6iOL._AC_UY218_.jpg,0,lg,0.0,ce
261,0.0,croma 80 cm (32 inches) fire tv hd ready smart led tv crel7364 (black) (2021 model),19490, ,https://m.media-amazon.com/images/I/81qfebBSJtL._AC_UY218_.jpg,0,croma,1.0,32
262,1.0,lg 139 cm (55 inches) 4k ultra hd smart oled tv 55bxpta (dark steel silver) (2020 model),126390, ,https://m.media-amazon.com/images/I/71KVQa4N4zL._AC_UY218_.jpg,0,lg,0.0,55
263,0.0,skywall 81.28 cm (32 inches) hd ready led tv 32swn (black) (2021 model),11749, ,https://m.media-amazon.com/images/I/81Tx2tEdykL._AC_UY218_.jpg,0,skywall,1.0,32
264,1.0,sanyo 108 cm (43 inches) kaizen series 4k ultra hd certified android led tv xt-43uhd4s (black) (2020 model),32999, ,https://m.media-amazon.com/images/I/81fh5ddKyuL._AC_UY218_.jpg,0,sanyo,0.0,43
265,1.0,tcl 138.8 cm (55 inches) 4k ultra hd certified android smart qled tv 55c815 (metallic black) (2020 model ) | with integrated 2.1 onkyo soundbar,66999,4.2,https://m.media-amazon.com/images/I/71FpG+PU7iL._AC_UY218_.jpg,0,tcl,0.0,55
266,1.0,sony bravia 126 cm (50 inches) 4k ultra hd smart led google tv kd-50x80j (black) (2021 model) | with alexa compatibility,83590, ,https://m.media-amazon.com/images/I/81FLRLCg+4S._AC_UY218_.jpg,1,sony,0.0,50
267,1.0,kevin 140 cm (55 inches) 4k ultra hd smart led tv kn55uhd-pro (black) (2021 model),36999,4.2,https://m.media-amazon.com/images/I/71ZJ3qXTc-L._AC_UY218_.jpg,0,kevin,0.0,55
268,1.0,adsun 127 cm (50 inches) 4k ultra hd smart led tv 50aesl1 (black) (2019 model),28999,3.8,https://m.media-amazon.com/images/I/61E3g-5iC8L._AC_UY218_.jpg,0,adsun,0.0,50
269,0.0,dyanora 80 cm (32 inches) hd ready led tv dy-ld32h0n (black) (2021 model),11999, ,https://m.media-amazon.com/images/I/71d0JjeTshL._AC_UY218_.jpg,0,dyanora,1.0,32
270,0.0,sony bravia 108 cm (43 inches) full hd smart led tv 43w6600 (black) (2020 model),49390, ,https://m.media-amazon.com/images/I/91v4nFq0LuL._AC_UY218_.jpg,0,sony,1.0,43
271,1.0,sony bravia 215 cm (85 inches) 4k ultra hd smart led google tv kd-85x85j (black) (2021 model) | with alexa compatibility,474990, ,https://m.media-amazon.com/images/I/81mxentP+bS._AC_UY218_.jpg,1,sony,0.0,85
272,0.0,dyanora 80 cm (32 inches) hd ready led tv dy-ld32h0n (black) (2021 model),11999, ,https://m.media-amazon.com/images/I/71d0JjeTshL._AC_UY218_.jpg,0,dyanora,1.0,32
273,1.0,samsung 108 cm (43 inches) 7 series 43nu7470 4k led smart tv (black),43390,4.2,https://m.media-amazon.com/images/I/81XZaifII+L._AC_UY218_.jpg,0,samsung,0.0,43
274,1.0,adsun 127 cm (50 inches) 4k ultra hd smart led tv 50aesl1 (black) (2019 model),28999,3.8,https://m.media-amazon.com/images/I/61E3g-5iC8L._AC_UY218_.jpg,0,adsun,0.0,50
275,0.0,facebook portal tv - smart video calling on your tv with alexa - black,12999, ,https://m.media-amazon.com/images/I/71snU5IwlLL._AC_UY218_.jpg,1,facebook,0.0,fa
276,1.0,samsung the serif series 138 cm (55 inches) 4k ultra hd smart qled tv qa55ls01takxxl (cloud white) (2020 model),90990, ,https://m.media-amazon.com/images/I/81TykyxGSJL._AC_UY218_.jpg,0,samsung,0.0,55
277,0.0,lumx 80 cm (32 inches) hd ready led tv 32za532 (black) (2021 model),10890, ,https://m.media-amazon.com/images/I/71H8oHmD1wL._AC_UY218_.jpg,0,lumx,1.0,32
278,0.0,samsung 80 cm (32 inches) hd ready led smart tv ua32t4550akxxl (titan gray) (2021 model),24800, ,https://m.media-amazon.com/images/I/91wuAtG7o7L._AC_UY218_.jpg,0,samsung,1.0,32
279,0.0,candes 80 cm (32 inches) hd ready smart led tv cf32s001 (black) (2021 model),15600, ,https://m.media-amazon.com/images/I/81cBe19YeoL._AC_UY218_.jpg,0,candes,1.0,32
280,1.0,samsung 108 cm (43 inches) 4k ultra hd smart qled tv qa43q60takxxl (black) (2020 model),69900, ,https://m.media-amazon.com/images/I/81Qxjm42bOL._AC_UY218_.jpg,0,samsung,0.0,43
281,1.0,samsung 108 cm (43 inches) 4k ultra hd smart led tv ua43tu8570uxxl (black) (2020 model),47990, ,https://m.media-amazon.com/images/I/91wKQnyG+LL._AC_UY218_.jpg,0,samsung,0.0,43
282,1.0,hisense 177 cm (70 inches) 4k ultra hd smart certified android led tv 70a71f (black) (2021 model) | with dolby vision and atmos,94999,4.2,https://m.media-amazon.com/images/I/61fgCxYSR0S._AC_UY218_.jpg,0,hisense,0.0,70
283,1.0,nu enterprise glowshine frameless smart led tv full hd television 4k (43),33550, ,https://m.media-amazon.com/images/I/71B0I-63jdL._AC_UY218_.jpg,0,nu,0.0,43
284,0.0,dyanora 106 cm (42 inches) full hd led tv dy-ld42f3s (black) (2021 model),21999, ,https://m.media-amazon.com/images/I/71Hsz4AfLKL._AC_UY218_.jpg,0,dyanora,1.0,42
285,1.0,nu enterprise glowshine frameless smart led tv full hd television 4k (32),28550, ,https://m.media-amazon.com/images/I/71B0I-63jdL._AC_UY218_.jpg,0,nu,0.0,32
286,1.0,lg 164 cm (65 inches) 4k ultra hd smart ips led tv 65un8000pta (ceramic black) (2020 model),97789,4.2,https://m.media-amazon.com/images/I/51IaLeQbjZS._AC_UY218_.jpg,0,lg,0.0,65
287,0.0,lg 108 cm (43 inches) full hd smart led tv 43lm6360ptb (dark iron gray) (2019 model),42590,4.2,https://m.media-amazon.com/images/I/91QBDxfM9xL._AC_UY218_.jpg,0,lg,1.0,43
288,0.0,panasonic 109.3 cm (43 inches) viera th-43es480dx full hd led tv,34990, ,https://m.media-amazon.com/images/I/51wE5Q+EwcL._AC_UY218_.jpg,0,panasonic,1.0,43
289,0.0,croma 80 cm (32 inches) hd ready smart certified android led tv crel7370 (black) (2021 model),20990, ,https://m.media-amazon.com/images/I/61oCk-XLwLS._AC_UY218_.jpg,0,croma,1.0,32
290,0.0,candes 80 cm (32 inches) hd ready led tv ctpl32efn (black) (2021 model),13999, ,https://m.media-amazon.com/images/I/81a1DSQzh0L._AC_UY218_.jpg,0,candes,1.0,32
291,0.0,candes 60 cm (24 inches) hd ready led tv ctpl24efn (black) (2021 model),9499, ,https://m.media-amazon.com/images/I/81JZ-f2wFfL._AC_UY218_.jpg,0,candes,1.0,24
292,0.0,aiwa 80 cm (32 inches) hd ready smart android led tv aw320s (black) (2019 model),16900, ,https://m.media-amazon.com/images/I/61mTjhwOYKL._AC_UY218_.jpg,0,aiwa,1.0,32
293,0.0,samsung 80 cm (32 inches) hd ready smart led tv ua32t4900 (black) (2021 model),26990, ,https://m.media-amazon.com/images/I/71eBbiHaWLL._AC_UY218_.jpg,0,samsung,1.0,32
294,0.0,shinco 98 cm (39 inches) hd ready smart led tv so40as (black) (2021 model) | with alexa built-in,18499,4.2,https://m.media-amazon.com/images/I/71ZF6JJ9eFL._AC_UY218_.jpg,1,shinco,1.0,39
295,1.0,sony bravia 164 cm (65 inches) 4k ultra hd certified android led tv 65x8000h (black) (2020 model),119900, ,https://m.media-amazon.com/images/I/91UYojFHobL._AC_UY218_.jpg,0,sony,0.0,65
296,0.0,panasonic 123.4 cm (49 inches) viera full hd led smart tv th-w49es48dx (black),51499, ,https://m.media-amazon.com/images/I/91MoxdCZ9hL._AC_UY218_.jpg,0,panasonic,1.0,49
297,0.0,sony bravia 108 cm (43 inches) full hd led smart tv klv-43w672g (black),51140, ,https://m.media-amazon.com/images/I/81y7qQG1GvL._AC_UY218_.jpg,0,sony,1.0,43
298,1.0,sony bravia 164 cm (65 inches) xr series 4k ultra hd smart oled google tv xr-65a80j (black) (2021 model) | with alexa compatibility,279900,4.2,https://m.media-amazon.com/images/I/8116TOvxtsL._AC_UY218_.jpg,1,sony,0.0,65
299,1.0,sony bravia 138.8 cm (55 inches) 4k ultra hd smart certified android led tv 55x8000h (black),83990, ,https://m.media-amazon.com/images/I/81qyKO1xwKL._AC_UY218_.jpg,0,sony,0.0,55
300,1.0,sony bravia 139 cm (55 inches) 4k hdr certified android oled tv 55a8h (black) (2020 model),158990, ,https://m.media-amazon.com/images/I/81CTYcbYHzL._AC_UY218_.jpg,0,sony,0.0,55
301,0.0,lumx 109 cm (43 inches) full hd smart android led tv 43xa6500 (black) (2021 model),22990, ,https://m.media-amazon.com/images/I/81MfCibZyxL._AC_UY218_.jpg,0,lumx,1.0,43
302,1.0,nu enterprise glowshine led tv full uhd smart television 4k display (43),33230, ,https://m.media-amazon.com/images/I/41XoOf0Gr-L._AC_UY218_.jpg,0,nu,0.0,43
303,1.0,samsung 139.7 cm (55 inches) 4k ultra hd smart led tv ua55tu8000kxxl (black) (2020 model),64990,4.2,https://m.media-amazon.com/images/I/917QAUQorDL._AC_UY218_.jpg,0,samsung,0.0,55
304,0.0,imee 60 cm (24 inches) hd ready smart led tv mee-24s (2021),13500, ,https://m.media-amazon.com/images/I/61ejKB+--ML._AC_UY218_.jpg,0,imee,1.0,24
305,1.0,onida 138 cm (55 inches) 4k uhd led smart tv 55uib (black),44999, ,https://m.media-amazon.com/images/I/71aJJNDQmhL._AC_UY218_.jpg,0,onida,0.0,55
306,1.0,adsun 140 cm (55 inches) 4k ultra hd smart led tv 55aesl1 (black) (2019 model),32499,3.8,https://m.media-amazon.com/images/I/61E3g-5iC8L._AC_UY218_.jpg,0,adsun,0.0,55
307,1.0,panasonic 139 cm (55 inches) 4k ultra hd smart android led tv th-55hx635dx (black) (2020 model),58730, ,https://m.media-amazon.com/images/I/716Iu7MvN4L._AC_UY218_.jpg,0,panasonic,0.0,55
308,1.0,vu 108 cm (43 inches) 4k ultra hd smart led tv 43 oa (silver) (2019 model),34990,4.2,https://m.media-amazon.com/images/I/71jiWhMq3IL._AC_UY218_.jpg,0,vu,0.0,43
309,1.0,samsung the serif series 123 cm (49 inches) 4k ultra hd smart qled tv qa49ls01takxxl (cloud white) (2020 model),79990, ,https://m.media-amazon.com/images/I/81TykyxGSJL._AC_UY218_.jpg,0,samsung,0.0,49
310,1.0,"croma 127 cm (50 inches) fire tv 4k ultra hd smart led tv (crel7367, black) (2021 model)",43990, ,https://m.media-amazon.com/images/I/81kRS0ZXt7L._AC_UY218_.jpg,0,croma,0.0,50
311,1.0,foxsky 165 cm (65 inches) 4k ultra hd smart led tv 65fs-vs (black) (2021 model) | with voice assistant,52499, ,https://m.media-amazon.com/images/I/81+4Ag+QISL._AC_UY218_.jpg,0,foxsky,0.0,65
312,1.0,lg 109.2 cm (43 inches) 4k ultra hd smart led tv 43um7790pta (black) (2021 model),49990, ,https://m.media-amazon.com/images/I/71pExQJ9WBL._AC_UY218_.jpg,0,lg,0.0,43
313,0.0,sony bravia 108 cm (43 inches) full hd led smart tv klv-43w672g (black),51140, ,https://m.media-amazon.com/images/I/81y7qQG1GvL._AC_UY218_.jpg,0,sony,1.0,43
314,1.0,sony bravia 164 cm (65 inches) xr series 4k ultra hd smart full array led google tv xr-65x90j (black) (2021 model) | with alexa compatibility,189989, ,https://m.media-amazon.com/images/I/81Lh2jUJlfS._AC_UY218_.jpg,1,sony,0.0,65
315,1.0,sony bravia 139 cm (55 inches) xr series 4k ultra hd smart oled google tv xr-55a80j (black) (2021 model) | with alexa compatibility,189989,4.2,https://m.media-amazon.com/images/I/8116TOvxtsL._AC_UY218_.jpg,1,sony,0.0,55
316,0.0,koryo 102 cm (40 inches) full hd led tv kle40fnflf71t (black) (2019 model),18500,3.9,https://m.media-amazon.com/images/I/510malitp+L._AC_UY218_.jpg,0,koryo,1.0,40
317,1.0,tcl 125.7 cm (50 inches) 4k ultra hd smart certified android led tv 50p8e (black) (2019 model),34599,4.1,https://m.media-amazon.com/images/I/71L6lQMvBeL._AC_UY218_.jpg,0,tcl,0.0,50
318,1.0,tcl 125.7 cm (50 inches) 4k ultra hd smart certified android led tv 50p8e (black) (2019 model),34599,4.1,https://m.media-amazon.com/images/I/71L6lQMvBeL._AC_UY218_.jpg,0,tcl,0.0,50
319,0.0,power guard 98 cm (40 inches) hd ready smart android led tv pg 40 svc (black) (2021 model) | with voice command remote,22499, ,https://m.media-amazon.com/images/I/616NuxPSG8L._AC_UY218_.jpg,0,power,1.0,40
320,0.0,panasonic 109.3 cm (43 inches) full hd led smart tv th-43fs600d (black) (2018 model),34900, ,https://m.media-amazon.com/images/I/81YecchZYKL._AC_UY218_.jpg,0,panasonic,1.0,43
321,1.0,nu enterprise glowshine led tv full uhd smart television 4k display (50),39650, ,https://m.media-amazon.com/images/I/41XoOf0Gr-L._AC_UY218_.jpg,0,nu,0.0,50
322,1.0,lg 123 cm (49 inches) 4k ultra hd smart nanocell tv 49nano80tna (black) (2020 model),69590,4.1,https://m.media-amazon.com/images/I/71fTmsO6iOL._AC_UY218_.jpg,0,lg,0.0,49
323,0.0,panasonic 80 cm (32 inches) hd ready led tv th-32d200dx (black),19551,4.0,https://m.media-amazon.com/images/I/419YYDPLQDL._AC_UY218_.jpg,0,panasonic,1.0,32
324,1.0,tcl 163.9 cm (65 inches) 4k ultra hd certified android smart qled tv 65c715 (metallic black) (2020 model) | with remote less voice control,92999, ,https://m.media-amazon.com/images/I/71lB4sbXs7L._AC_UY218_.jpg,0,tcl,0.0,65
325,0.0,samsung 80 cm (32 inches) hd ready smart led tv ua32t4310akxxl (glossy black) (2020 model),20480,4.1,https://m.media-amazon.com/images/I/81wBQHzF8oL._AC_UY218_.jpg,0,samsung,1.0,32
326,0.0,samsung 80 cm (32 inches) hd ready smart led tv ua32t4600 (black) (2021 model),24990, ,https://m.media-amazon.com/images/I/71eBbiHaWLL._AC_UY218_.jpg,0,samsung,1.0,32
327,1.0,lg 139.7 cm (55 inches) 4k ultra hd smart led tv 55up8000ptz (black) (2021 model),65999, ,https://m.media-amazon.com/images/I/71DpjHmp-4L._AC_UY218_.jpg,0,lg,0.0,55
328,1.0,lg 139.7 cm (55 inches) 4k ultra hd smart oled tv oled55b1ptz (black) (2021 model),147290, ,https://m.media-amazon.com/images/I/71O+dVfOb5L._AC_UY218_.jpg,0,lg,0.0,55
329,0.0,aisen 108 cm (43 inches) full hd smart led tv a43fds963 (black) (2021 model) | with built-in alexa,26990, ,https://m.media-amazon.com/images/I/81iuXDctmeS._AC_UY218_.jpg,1,aisen,1.0,43
330,0.0,panasonic 101.6 cm (40 inches) full hd led tv th-40e400d (black) (2017 model),35199,4.0,https://m.media-amazon.com/images/I/91WT8szwRaL._AC_UY218_.jpg,0,panasonic,1.0,40
331,1.0,panasonic 108 cm (43 inches) 4k smart hdr android led tv th-43jx650dx (black) (2021 model),39580, ,https://m.media-amazon.com/images/I/41eGH5GHT3L._AC_UY218_.jpg,0,panasonic,0.0,43
332,1.0,panasonic 139 cm (55 inches) 4k ultra hd smart android led tv th-55jx750dx (black) (2020 model),63189, ,https://m.media-amazon.com/images/I/71QxrTsC8dS._AC_UY218_.jpg,0,panasonic,0.0,55
333,1.0,"lg 139.7 cm (55 inches) smart ultra hd 4k led tv 55un7300ptc (2020 model, black) (black)",60690,4.2,https://m.media-amazon.com/images/I/51YEtfervgL._AC_UY218_.jpg,0,lg,0.0,55
334,0.0,haier 32k6600 80cm (32 inch) hd led smart android tv,22990, ,https://m.media-amazon.com/images/I/31nUnOMhUWL._AC_UY218_.jpg,0,haier,1.0,32
335,1.0,panasonic 108 cm (43 inches) 4k ultra hd smart android led tv th-43jx750dx (black) (2020 model),43870, ,https://m.media-amazon.com/images/I/71QxrTsC8dS._AC_UY218_.jpg,0,panasonic,0.0,43
336,1.0,tcl 108 cm (43 inches) 4k ultra hd smart certified android led tv 43p8e (black) (2019 model),30999,4.1,https://m.media-amazon.com/images/I/71L6lQMvBeL._AC_UY218_.jpg,0,tcl,0.0,43
337,1.0,"croma 109 cm (43 inches) fire tv 4k ultra hd smart led tv (crel7366, black) (2021 model)",35990, ,https://m.media-amazon.com/images/I/61KjwZQmUwL._AC_UY218_.jpg,0,croma,0.0,43
338,1.0,tcl 163.9 cm (65 inches) 4k ultra hd certified android smart qled tv 65c815 (metallic black) (2020 model) | with integrated 2.1 onkyo soundbar,91999,4.0,https://m.media-amazon.com/images/I/71FpG+PU7iL._AC_UY218_.jpg,0,tcl,0.0,65
339,1.0,sony bravia 108 cm (43 inches) 4k ultra hd certified android led tv 43x8000h (black) (2020 model),68900, ,https://m.media-amazon.com/images/I/91F9nw-LGYL._AC_UY218_.jpg,0,sony,0.0,43
340,0.0,samsung 80 cm (32 inches) led smart tv ua32r4500arxxl (black) (2019 model),21400,4.2,https://m.media-amazon.com/images/I/81AruPeG2vL._AC_UY218_.jpg,0,samsung,0.0,32
341,0.0,panasonic 108 cm (43 inches) full hd led smart tv th-w43es48dx (black) (2017 model),51299, ,https://m.media-amazon.com/images/I/91b8LSTtveL._AC_UY218_.jpg,0,panasonic,1.0,43
342,1.0,lg 165.1 cm (65 inches) 4k ultra hd smart oled tv oled65c1ptz (grey) (2021 model),249890, ,https://m.media-amazon.com/images/I/71LuMJyPyKL._AC_UY218_.jpg,0,lg,0.0,65
343,0.0,(renewed) sony bravia 108 cm (43 inches) full hd led smart tv klv-43w672g (black),44500, ,https://m.media-amazon.com/images/I/81VPmyG+eBL._AC_UY218_.jpg,0,(renewed),1.0,re
344,0.0,nu enterprise glowshine frameless smart led tv full hd television (55),56230, ,https://m.media-amazon.com/images/I/415duPKpmDL._AC_UY218_.jpg,0,nu,1.0,55
345,1.0,aisen 139 cm (55 inches) 4k ultra hd smart android led tv a55uds975 (silver) (2021 model),44490, ,https://m.media-amazon.com/images/I/71RlBBtFo+S._AC_UY218_.jpg,0,aisen,0.0,55
346,1.0,sony bravia 164 cm (65 inches) 4k ultra hd smart led google tv kd-65x85j (black) (2021 model) | with alexa compatibility,151990, ,https://m.media-amazon.com/images/I/81aAdbBzGTS._AC_UY218_.jpg,1,sony,0.0,65
347,0.0,jai jalaram electronics aiwa led smart tv (55 inch),45600, ,https://m.media-amazon.com/images/I/51OGkM+39PL._AC_UY218_.jpg,0,jai,0.0,55
348,1.0,"lg 55nano86tna 4k ultra hd smart nanocell tv (light steel silver, 139 cm/55 inches, 2020 model)",100039, ,https://m.media-amazon.com/images/I/71sML4pKJiL._AC_UY218_.jpg,0,lg,0.0,li
